date,years_since_19850101,temp_deg_C
1981-01-01,-4.002739726027397,20.7
1981-01-02,-4.0,17.9
1981-01-03,-3.9972602739726026,18.8
1981-01-04,-3.9945205479452053,14.6
1981-01-05,-3.9917808219178084,15.8
1981-01-06,-3.989041095890411,15.8
1981-01-07,-3.9863013698630136,15.8
1981-01-08,-3.9835616438356163,17.4
1981-01-09,-3.9808219178082194,21.8
1981-01-10,-3.978082191780822,20.0
1981-01-11,-3.9753424657534246,16.2
1981-01-12,-3.9726027397260273,13.3
1981-01-13,-3.96986301369863,16.7
1981-01-14,-3.967123287671233,21.5
1981-01-15,-3.9643835616438357,25.0
1981-01-16,-3.9616438356164383,20.7
1981-01-17,-3.958904109589041,20.6
1981-01-18,-3.956164383561644,24.8
1981-01-19,-3.9534246575342467,17.7
1981-01-20,-3.9506849315068493,15.5
1981-01-21,-3.947945205479452,18.2
1981-01-22,-3.9452054794520546,12.1
1981-01-23,-3.9424657534246577,14.4
1981-01-24,-3.9397260273972603,16.0
1981-01-25,-3.936986301369863,16.5
1981-01-26,-3.9342465753424656,18.7
1981-01-27,-3.9315068493150687,19.4
1981-01-28,-3.9287671232876713,17.2
1981-01-29,-3.926027397260274,15.5
1981-01-30,-3.9232876712328766,15.1
1981-01-31,-3.9205479452054797,15.4
1981-02-01,-3.9178082191780823,15.3
1981-02-02,-3.915068493150685,18.8
1981-02-03,-3.9123287671232876,21.9
1981-02-04,-3.9095890410958902,19.9
1981-02-05,-3.9068493150684933,16.6
1981-02-06,-3.904109589041096,16.8
1981-02-07,-3.9013698630136986,14.6
1981-02-08,-3.8986301369863012,17.1
1981-02-09,-3.8958904109589043,25.0
1981-02-10,-3.893150684931507,15.0
1981-02-11,-3.8904109589041096,13.7
1981-02-12,-3.8876712328767122,13.9
1981-02-13,-3.884931506849315,18.3
1981-02-14,-3.882191780821918,22.0
1981-02-15,-3.8794520547945206,22.1
1981-02-16,-3.8767123287671232,21.2
1981-02-17,-3.873972602739726,18.4
1981-02-18,-3.871232876712329,16.6
1981-02-19,-3.8684931506849316,16.1
1981-02-20,-3.8657534246575342,15.7
1981-02-21,-3.863013698630137,16.6
1981-02-22,-3.8602739726027395,16.5
1981-02-23,-3.8575342465753426,14.4
1981-02-24,-3.8547945205479452,14.4
1981-02-25,-3.852054794520548,18.5
1981-02-26,-3.8493150684931505,16.9
1981-02-27,-3.8465753424657536,17.5
1981-02-28,-3.8438356164383563,21.2
1981-03-01,-3.841095890410959,17.8
1981-03-02,-3.8383561643835615,18.6
1981-03-03,-3.835616438356164,17.0
1981-03-04,-3.8328767123287673,16.0
1981-03-05,-3.83013698630137,13.3
1981-03-06,-3.8273972602739725,14.3
1981-03-07,-3.824657534246575,11.4
1981-03-08,-3.8219178082191783,16.3
1981-03-09,-3.819178082191781,16.1
1981-03-10,-3.8164383561643835,11.8
1981-03-11,-3.813698630136986,12.2
1981-03-12,-3.8109589041095893,14.7
1981-03-13,-3.808219178082192,11.8
1981-03-14,-3.8054794520547945,11.3
1981-03-15,-3.802739726027397,10.6
1981-03-16,-3.8,11.7
1981-03-17,-3.797260273972603,14.2
1981-03-18,-3.7945205479452055,11.2
1981-03-19,-3.791780821917808,16.9
1981-03-20,-3.789041095890411,16.7
1981-03-21,-3.786301369863014,8.1
1981-03-22,-3.7835616438356166,8.0
1981-03-23,-3.780821917808219,8.8
1981-03-24,-3.778082191780822,13.4
1981-03-25,-3.7753424657534245,10.9
1981-03-26,-3.7726027397260276,13.4
1981-03-27,-3.76986301369863,11.0
1981-03-28,-3.767123287671233,15.0
1981-03-29,-3.7643835616438355,15.7
1981-03-30,-3.7616438356164386,14.5
1981-03-31,-3.758904109589041,15.8
1981-04-01,-3.756164383561644,16.7
1981-04-02,-3.7534246575342465,16.8
1981-04-03,-3.750684931506849,17.5
1981-04-04,-3.747945205479452,17.1
1981-04-05,-3.745205479452055,18.1
1981-04-06,-3.7424657534246575,16.6
1981-04-07,-3.73972602739726,10.0
1981-04-08,-3.736986301369863,14.9
1981-04-09,-3.734246575342466,15.9
1981-04-10,-3.7315068493150685,13.0
1981-04-11,-3.728767123287671,7.6
1981-04-12,-3.7260273972602738,11.5
1981-04-13,-3.723287671232877,13.5
1981-04-14,-3.7205479452054795,13.0
1981-04-15,-3.717808219178082,13.3
1981-04-16,-3.7150684931506848,12.1
1981-04-17,-3.712328767123288,12.4
1981-04-18,-3.7095890410958905,13.2
1981-04-19,-3.706849315068493,13.8
1981-04-20,-3.7041095890410958,10.6
1981-04-21,-3.7013698630136984,9.0
1981-04-22,-3.6986301369863015,10.0
1981-04-23,-3.695890410958904,9.8
1981-04-24,-3.6931506849315068,11.5
1981-04-25,-3.6904109589041094,8.9
1981-04-26,-3.6876712328767125,7.4
1981-04-27,-3.684931506849315,9.9
1981-04-28,-3.682191780821918,9.3
1981-04-29,-3.6794520547945204,9.9
1981-04-30,-3.6767123287671235,7.4
1981-05-01,-3.673972602739726,8.6
1981-05-02,-3.671232876712329,11.9
1981-05-03,-3.6684931506849314,14.0
1981-05-04,-3.665753424657534,8.6
1981-05-05,-3.663013698630137,10.0
1981-05-06,-3.66027397260274,13.5
1981-05-07,-3.6575342465753424,12.0
1981-05-08,-3.654794520547945,10.5
1981-05-09,-3.652054794520548,10.7
1981-05-10,-3.649315068493151,8.1
1981-05-11,-3.6465753424657534,10.1
1981-05-12,-3.643835616438356,10.6
1981-05-13,-3.6410958904109587,5.3
1981-05-14,-3.638356164383562,6.6
1981-05-15,-3.6356164383561644,8.5
1981-05-16,-3.632876712328767,11.2
1981-05-17,-3.6301369863013697,9.8
1981-05-18,-3.627397260273973,5.9
1981-05-19,-3.6246575342465754,3.2
1981-05-20,-3.621917808219178,2.1
1981-05-21,-3.6191780821917807,3.4
1981-05-22,-3.6164383561643834,5.4
1981-05-23,-3.6136986301369864,9.6
1981-05-24,-3.610958904109589,11.5
1981-05-25,-3.6082191780821917,12.3
1981-05-26,-3.6054794520547944,12.6
1981-05-27,-3.6027397260273974,11.0
1981-05-28,-3.6,11.2
1981-05-29,-3.5972602739726027,11.4
1981-05-30,-3.5945205479452054,11.8
1981-05-31,-3.591780821917808,12.8
1981-06-01,-3.589041095890411,11.6
1981-06-02,-3.5863013698630137,10.6
1981-06-03,-3.5835616438356164,9.8
1981-06-04,-3.580821917808219,11.2
1981-06-05,-3.578082191780822,5.7
1981-06-06,-3.5753424657534247,7.1
1981-06-07,-3.5726027397260274,2.5
1981-06-08,-3.56986301369863,3.5
1981-06-09,-3.5671232876712327,4.6
1981-06-10,-3.5643835616438357,11.0
1981-06-11,-3.5616438356164384,5.7
1981-06-12,-3.558904109589041,7.7
1981-06-13,-3.5561643835616437,10.4
1981-06-14,-3.5534246575342467,11.4
1981-06-15,-3.5506849315068494,9.2
1981-06-16,-3.547945205479452,6.1
1981-06-17,-3.5452054794520547,2.7
1981-06-18,-3.5424657534246577,4.3
1981-06-19,-3.5397260273972604,6.3
1981-06-20,-3.536986301369863,3.8
1981-06-21,-3.5342465753424657,4.4
1981-06-22,-3.5315068493150683,7.1
1981-06-23,-3.5287671232876714,4.8
1981-06-24,-3.526027397260274,5.8
1981-06-25,-3.5232876712328767,6.2
1981-06-26,-3.5205479452054793,7.3
1981-06-27,-3.5178082191780824,9.2
1981-06-28,-3.515068493150685,10.2
1981-06-29,-3.5123287671232877,9.5
1981-06-30,-3.5095890410958903,9.5
1981-07-01,-3.506849315068493,10.7
1981-07-02,-3.504109589041096,10.0
1981-07-03,-3.5013698630136987,6.5
1981-07-04,-3.4986301369863013,7.0
1981-07-05,-3.495890410958904,7.4
1981-07-06,-3.493150684931507,8.1
1981-07-07,-3.4904109589041097,6.6
1981-07-08,-3.4876712328767123,8.3
1981-07-09,-3.484931506849315,8.9
1981-07-10,-3.4821917808219176,4.6
1981-07-11,-3.4794520547945207,6.8
1981-07-12,-3.4767123287671233,5.7
1981-07-13,-3.473972602739726,6.1
1981-07-14,-3.4712328767123286,7.0
1981-07-15,-3.4684931506849317,7.2
1981-07-16,-3.4657534246575343,6.3
1981-07-17,-3.463013698630137,8.8
1981-07-18,-3.4602739726027396,5.0
1981-07-19,-3.4575342465753423,7.4
1981-07-20,-3.4547945205479453,10.1
1981-07-21,-3.452054794520548,12.0
1981-07-22,-3.4493150684931506,9.0
1981-07-23,-3.4465753424657533,8.9
1981-07-24,-3.4438356164383563,9.8
1981-07-25,-3.441095890410959,9.0
1981-07-26,-3.4383561643835616,9.2
1981-07-27,-3.4356164383561643,7.7
1981-07-28,-3.4328767123287673,8.0
1981-07-29,-3.43013698630137,6.1
1981-07-30,-3.4273972602739726,3.5
1981-07-31,-3.4246575342465753,3.2
1981-08-01,-3.421917808219178,5.7
1981-08-02,-3.419178082191781,7.7
1981-08-03,-3.4164383561643836,9.0
1981-08-04,-3.4136986301369863,10.0
1981-08-05,-3.410958904109589,6.2
1981-08-06,-3.408219178082192,6.9
1981-08-07,-3.4054794520547946,6.5
1981-08-08,-3.4027397260273973,6.8
1981-08-09,-3.4,7.0
1981-08-10,-3.3972602739726026,5.2
1981-08-11,-3.3945205479452056,3.0
1981-08-12,-3.3917808219178083,5.6
1981-08-13,-3.389041095890411,7.9
1981-08-14,-3.3863013698630136,9.0
1981-08-15,-3.3835616438356166,8.6
1981-08-16,-3.3808219178082193,10.3
1981-08-17,-3.378082191780822,10.5
1981-08-18,-3.3753424657534246,7.6
1981-08-19,-3.372602739726027,9.7
1981-08-20,-3.3698630136986303,12.5
1981-08-21,-3.367123287671233,7.4
1981-08-22,-3.3643835616438356,7.9
1981-08-23,-3.361643835616438,3.9
1981-08-24,-3.3589041095890413,6.6
1981-08-25,-3.356164383561644,4.6
1981-08-26,-3.3534246575342466,7.0
1981-08-27,-3.350684931506849,6.0
1981-08-28,-3.347945205479452,5.5
1981-08-29,-3.345205479452055,8.1
1981-08-30,-3.3424657534246576,5.5
1981-08-31,-3.33972602739726,6.2
1981-09-01,-3.336986301369863,8.0
1981-09-02,-3.334246575342466,10.3
1981-09-03,-3.3315068493150686,9.8
1981-09-04,-3.328767123287671,9.6
1981-09-05,-3.326027397260274,8.5
1981-09-06,-3.3232876712328765,7.5
1981-09-07,-3.3205479452054796,11.2
1981-09-08,-3.317808219178082,14.6
1981-09-09,-3.315068493150685,11.7
1981-09-10,-3.3123287671232875,7.8
1981-09-11,-3.3095890410958906,12.3
1981-09-12,-3.3068493150684932,10.1
1981-09-13,-3.304109589041096,11.5
1981-09-14,-3.3013698630136985,7.3
1981-09-15,-3.2986301369863016,10.9
1981-09-16,-3.2958904109589042,14.1
1981-09-17,-3.293150684931507,10.7
1981-09-18,-3.2904109589041095,16.9
1981-09-19,-3.287671232876712,10.5
1981-09-20,-3.2849315068493152,6.5
1981-09-21,-3.282191780821918,11.0
1981-09-22,-3.2794520547945205,6.3
1981-09-23,-3.276712328767123,10.5
1981-09-24,-3.2739726027397262,7.2
1981-09-25,-3.271232876712329,7.6
1981-09-26,-3.2684931506849315,10.7
1981-09-27,-3.265753424657534,7.8
1981-09-28,-3.263013698630137,9.6
1981-09-29,-3.26027397260274,11.4
1981-09-30,-3.2575342465753425,12.4
1981-10-01,-3.254794520547945,8.9
1981-10-02,-3.252054794520548,13.2
1981-10-03,-3.249315068493151,8.6
1981-10-04,-3.2465753424657535,6.2
1981-10-05,-3.243835616438356,11.4
1981-10-06,-3.241095890410959,13.2
1981-10-07,-3.2383561643835614,14.3
1981-10-08,-3.2356164383561645,7.3
1981-10-09,-3.232876712328767,12.9
1981-10-10,-3.23013698630137,7.8
1981-10-11,-3.2273972602739724,6.2
1981-10-12,-3.2246575342465755,5.6
1981-10-13,-3.221917808219178,10.0
1981-10-14,-3.219178082191781,13.3
1981-10-15,-3.2164383561643834,8.3
1981-10-16,-3.213698630136986,10.2
1981-10-17,-3.210958904109589,8.6
1981-10-18,-3.208219178082192,7.3
1981-10-19,-3.2054794520547945,10.4
1981-10-20,-3.202739726027397,11.2
1981-10-21,-3.2,13.2
1981-10-22,-3.197260273972603,11.4
1981-10-23,-3.1945205479452055,9.1
1981-10-24,-3.191780821917808,6.6
1981-10-25,-3.1890410958904107,8.4
1981-10-26,-3.186301369863014,9.7
1981-10-27,-3.1835616438356165,13.2
1981-10-28,-3.180821917808219,12.5
1981-10-29,-3.1780821917808217,11.0
1981-10-30,-3.175342465753425,11.0
1981-10-31,-3.1726027397260275,11.7
1981-11-01,-3.16986301369863,9.2
1981-11-02,-3.1671232876712327,11.5
1981-11-03,-3.164383561643836,13.6
1981-11-04,-3.1616438356164385,13.7
1981-11-05,-3.158904109589041,10.4
1981-11-06,-3.1561643835616437,11.5
1981-11-07,-3.1534246575342464,7.6
1981-11-08,-3.1506849315068495,9.6
1981-11-09,-3.147945205479452,14.2
1981-11-10,-3.1452054794520548,15.7
1981-11-11,-3.1424657534246574,10.5
1981-11-12,-3.1397260273972605,10.5
1981-11-13,-3.136986301369863,9.7
1981-11-14,-3.1342465753424658,9.5
1981-11-15,-3.1315068493150684,11.3
1981-11-16,-3.128767123287671,8.9
1981-11-17,-3.126027397260274,9.4
1981-11-18,-3.1232876712328768,11.9
1981-11-19,-3.1205479452054794,11.7
1981-11-20,-3.117808219178082,13.4
1981-11-21,-3.115068493150685,12.6
1981-11-22,-3.1123287671232878,10.1
1981-11-23,-3.1095890410958904,15.8
1981-11-24,-3.106849315068493,13.6
1981-11-25,-3.1041095890410957,11.9
1981-11-26,-3.1013698630136988,9.9
1981-11-27,-3.0986301369863014,12.6
1981-11-28,-3.095890410958904,17.8
1981-11-29,-3.0931506849315067,15.0
1981-11-30,-3.0904109589041098,13.6
1981-12-01,-3.0876712328767124,13.4
1981-12-02,-3.084931506849315,10.5
1981-12-03,-3.0821917808219177,14.2
1981-12-04,-3.0794520547945203,11.5
1981-12-05,-3.0767123287671234,13.0
1981-12-06,-3.073972602739726,15.0
1981-12-07,-3.0712328767123287,14.7
1981-12-08,-3.0684931506849313,12.6
1981-12-09,-3.0657534246575344,12.5
1981-12-10,-3.063013698630137,13.5
1981-12-11,-3.0602739726027397,14.8
1981-12-12,-3.0575342465753423,17.2
1981-12-13,-3.0547945205479454,9.7
1981-12-14,-3.052054794520548,12.1
1981-12-15,-3.0493150684931507,12.8
1981-12-16,-3.0465753424657533,11.2
1981-12-17,-3.043835616438356,16.4
1981-12-18,-3.041095890410959,15.6
1981-12-19,-3.0383561643835617,13.3
1981-12-20,-3.0356164383561643,11.0
1981-12-21,-3.032876712328767,11.1
1981-12-22,-3.03013698630137,15.0
1981-12-23,-3.0273972602739727,12.8
1981-12-24,-3.0246575342465754,15.0
1981-12-25,-3.021917808219178,14.2
1981-12-26,-3.0191780821917806,14.0
1981-12-27,-3.0164383561643837,15.5
1981-12-28,-3.0136986301369864,13.3
1981-12-29,-3.010958904109589,15.6
1981-12-30,-3.0082191780821916,15.2
1981-12-31,-3.0054794520547947,17.4
1982-01-01,-3.0027397260273974,17.0
1982-01-02,-3.0,15.0
1982-01-03,-2.9972602739726026,13.5
1982-01-04,-2.9945205479452053,15.2
1982-01-05,-2.9917808219178084,13.0
1982-01-06,-2.989041095890411,12.5
1982-01-07,-2.9863013698630136,14.1
1982-01-08,-2.9835616438356163,14.8
1982-01-09,-2.9808219178082194,16.2
1982-01-10,-2.978082191780822,15.8
1982-01-11,-2.9753424657534246,19.1
1982-01-12,-2.9726027397260273,22.2
1982-01-13,-2.96986301369863,15.9
1982-01-14,-2.967123287671233,13.0
1982-01-15,-2.9643835616438357,14.1
1982-01-16,-2.9616438356164383,15.8
1982-01-17,-2.958904109589041,24.0
1982-01-18,-2.956164383561644,18.0
1982-01-19,-2.9534246575342467,19.7
1982-01-20,-2.9506849315068493,25.2
1982-01-21,-2.947945205479452,20.5
1982-01-22,-2.9452054794520546,19.3
1982-01-23,-2.9424657534246577,15.8
1982-01-24,-2.9397260273972603,17.0
1982-01-25,-2.936986301369863,18.4
1982-01-26,-2.9342465753424656,13.3
1982-01-27,-2.9315068493150687,14.6
1982-01-28,-2.9287671232876713,12.5
1982-01-29,-2.926027397260274,17.0
1982-01-30,-2.9232876712328766,17.1
1982-01-31,-2.9205479452054797,14.0
1982-02-01,-2.9178082191780823,14.6
1982-02-02,-2.915068493150685,13.3
1982-02-03,-2.9123287671232876,14.8
1982-02-04,-2.9095890410958902,15.1
1982-02-05,-2.9068493150684933,13.1
1982-02-06,-2.904109589041096,13.6
1982-02-07,-2.9013698630136986,19.5
1982-02-08,-2.8986301369863012,22.7
1982-02-09,-2.8958904109589043,17.2
1982-02-10,-2.893150684931507,13.5
1982-02-11,-2.8904109589041096,15.4
1982-02-12,-2.8876712328767122,17.0
1982-02-13,-2.884931506849315,19.2
1982-02-14,-2.882191780821918,22.8
1982-02-15,-2.8794520547945206,26.3
1982-02-16,-2.8767123287671232,18.2
1982-02-17,-2.873972602739726,17.0
1982-02-18,-2.871232876712329,14.8
1982-02-19,-2.8684931506849316,12.8
1982-02-20,-2.8657534246575342,15.5
1982-02-21,-2.863013698630137,15.6
1982-02-22,-2.8602739726027395,13.1
1982-02-23,-2.8575342465753426,15.2
1982-02-24,-2.8547945205479452,14.1
1982-02-25,-2.852054794520548,12.5
1982-02-26,-2.8493150684931505,14.6
1982-02-27,-2.8465753424657536,10.4
1982-02-28,-2.8438356164383563,13.9
1982-03-01,-2.841095890410959,11.9
1982-03-02,-2.8383561643835615,13.5
1982-03-03,-2.835616438356164,9.8
1982-03-04,-2.8328767123287673,14.0
1982-03-05,-2.83013698630137,21.5
1982-03-06,-2.8273972602739725,19.5
1982-03-07,-2.824657534246575,16.7
1982-03-08,-2.8219178082191783,19.1
1982-03-09,-2.819178082191781,11.0
1982-03-10,-2.8164383561643835,9.0
1982-03-11,-2.813698630136986,10.0
1982-03-12,-2.8109589041095893,14.6
1982-03-13,-2.808219178082192,12.5
1982-03-14,-2.8054794520547945,17.2
1982-03-15,-2.802739726027397,19.2
1982-03-16,-2.8,22.2
1982-03-17,-2.797260273972603,15.7
1982-03-18,-2.7945205479452055,14.2
1982-03-19,-2.791780821917808,9.8
1982-03-20,-2.789041095890411,14.0
1982-03-21,-2.786301369863014,17.5
1982-03-22,-2.7835616438356166,20.7
1982-03-23,-2.780821917808219,15.6
1982-03-24,-2.778082191780822,13.2
1982-03-25,-2.7753424657534245,14.5
1982-03-26,-2.7726027397260276,16.8
1982-03-27,-2.76986301369863,17.2
1982-03-28,-2.767123287671233,13.4
1982-03-29,-2.7643835616438355,14.2
1982-03-30,-2.7616438356164386,14.3
1982-03-31,-2.758904109589041,10.2
1982-04-01,-2.756164383561644,10.4
1982-04-02,-2.7534246575342465,12.3
1982-04-03,-2.750684931506849,11.9
1982-04-04,-2.747945205479452,11.2
1982-04-05,-2.745205479452055,8.5
1982-04-06,-2.7424657534246575,12.0
1982-04-07,-2.73972602739726,12.4
1982-04-08,-2.736986301369863,12.9
1982-04-09,-2.734246575342466,10.1
1982-04-10,-2.7315068493150685,15.0
1982-04-11,-2.728767123287671,13.6
1982-04-12,-2.7260273972602738,12.4
1982-04-13,-2.723287671232877,13.6
1982-04-14,-2.7205479452054795,16.1
1982-04-15,-2.717808219178082,19.5
1982-04-16,-2.7150684931506848,14.2
1982-04-17,-2.712328767123288,9.3
1982-04-18,-2.7095890410958905,10.1
1982-04-19,-2.706849315068493,7.4
1982-04-20,-2.7041095890410958,8.6
1982-04-21,-2.7013698630136984,7.8
1982-04-22,-2.6986301369863015,9.1
1982-04-23,-2.695890410958904,13.0
1982-04-24,-2.6931506849315068,16.5
1982-04-25,-2.6904109589041094,12.9
1982-04-26,-2.6876712328767125,6.9
1982-04-27,-2.684931506849315,6.9
1982-04-28,-2.682191780821918,8.7
1982-04-29,-2.6794520547945204,10.0
1982-04-30,-2.6767123287671235,10.8
1982-05-01,-2.673972602739726,7.5
1982-05-02,-2.671232876712329,6.3
1982-05-03,-2.6684931506849314,11.9
1982-05-04,-2.665753424657534,13.8
1982-05-05,-2.663013698630137,11.8
1982-05-06,-2.66027397260274,11.0
1982-05-07,-2.6575342465753424,10.1
1982-05-08,-2.654794520547945,8.5
1982-05-09,-2.652054794520548,5.5
1982-05-10,-2.649315068493151,7.6
1982-05-11,-2.6465753424657534,8.7
1982-05-12,-2.643835616438356,10.8
1982-05-13,-2.6410958904109587,11.2
1982-05-14,-2.638356164383562,9.1
1982-05-15,-2.6356164383561644,3.7
1982-05-16,-2.632876712328767,4.6
1982-05-17,-2.6301369863013697,6.6
1982-05-18,-2.627397260273973,13.2
1982-05-19,-2.6246575342465754,15.2
1982-05-20,-2.621917808219178,7.6
1982-05-21,-2.6191780821917807,8.4
1982-05-22,-2.6164383561643834,6.0
1982-05-23,-2.6136986301369864,8.3
1982-05-24,-2.610958904109589,8.6
1982-05-25,-2.6082191780821917,11.1
1982-05-26,-2.6054794520547944,12.1
1982-05-27,-2.6027397260273974,12.9
1982-05-28,-2.6,14.0
1982-05-29,-2.5972602739726027,12.5
1982-05-30,-2.5945205479452054,11.5
1982-05-31,-2.591780821917808,7.0
1982-06-01,-2.589041095890411,7.1
1982-06-02,-2.5863013698630137,9.0
1982-06-03,-2.5835616438356164,3.1
1982-06-04,-2.580821917808219,2.5
1982-06-05,-2.578082191780822,0.0
1982-06-06,-2.5753424657534247,1.6
1982-06-07,-2.5726027397260274,2.6
1982-06-08,-2.56986301369863,5.7
1982-06-09,-2.5671232876712327,2.3
1982-06-10,-2.5643835616438357,4.5
1982-06-11,-2.5616438356164384,8.2
1982-06-12,-2.558904109589041,6.9
1982-06-13,-2.5561643835616437,7.3
1982-06-14,-2.5534246575342467,6.0
1982-06-15,-2.5506849315068494,7.3
1982-06-16,-2.547945205479452,7.6
1982-06-17,-2.5452054794520547,8.0
1982-06-18,-2.5424657534246577,8.0
1982-06-19,-2.5397260273972604,6.8
1982-06-20,-2.536986301369863,7.3
1982-06-21,-2.5342465753424657,6.2
1982-06-22,-2.5315068493150683,6.9
1982-06-23,-2.5287671232876714,8.9
1982-06-24,-2.526027397260274,4.0
1982-06-25,-2.5232876712328767,1.3
1982-06-26,-2.5205479452054793,0.8
1982-06-27,-2.5178082191780824,4.3
1982-06-28,-2.515068493150685,7.3
1982-06-29,-2.5123287671232877,7.7
1982-06-30,-2.5095890410958903,9.0
1982-07-01,-2.506849315068493,4.2
1982-07-02,-2.504109589041096,1.6
1982-07-03,-2.5013698630136987,2.6
1982-07-04,-2.4986301369863013,3.4
1982-07-05,-2.495890410958904,3.9
1982-07-06,-2.493150684931507,7.0
1982-07-07,-2.4904109589041097,7.8
1982-07-08,-2.4876712328767123,5.3
1982-07-09,-2.484931506849315,2.4
1982-07-10,-2.4821917808219176,2.8
1982-07-11,-2.4794520547945207,4.0
1982-07-12,-2.4767123287671233,7.5
1982-07-13,-2.473972602739726,7.8
1982-07-14,-2.4712328767123286,5.6
1982-07-15,-2.4684931506849317,3.3
1982-07-16,-2.4657534246575343,5.0
1982-07-17,-2.463013698630137,3.7
1982-07-18,-2.4602739726027396,3.9
1982-07-19,-2.4575342465753423,5.2
1982-07-20,-2.4547945205479453,0.2
1982-07-21,-2.452054794520548,0.8
1982-07-22,-2.4493150684931506,0.9
1982-07-23,-2.4465753424657533,3.5
1982-07-24,-2.4438356164383563,6.6
1982-07-25,-2.441095890410959,9.5
1982-07-26,-2.4383561643835616,9.0
1982-07-27,-2.4356164383561643,3.5
1982-07-28,-2.4328767123287673,4.5
1982-07-29,-2.43013698630137,5.7
1982-07-30,-2.4273972602739726,5.6
1982-07-31,-2.4246575342465753,7.1
1982-08-01,-2.421917808219178,9.7
1982-08-02,-2.419178082191781,8.3
1982-08-03,-2.4164383561643836,9.1
1982-08-04,-2.4136986301369863,2.8
1982-08-05,-2.410958904109589,2.2
1982-08-06,-2.408219178082192,4.5
1982-08-07,-2.4054794520547946,3.8
1982-08-08,-2.4027397260273973,3.8
1982-08-09,-2.4,6.2
1982-08-10,-2.3972602739726026,11.5
1982-08-11,-2.3945205479452056,10.2
1982-08-12,-2.3917808219178083,7.9
1982-08-13,-2.389041095890411,9.0
1982-08-14,-2.3863013698630136,9.5
1982-08-15,-2.3835616438356166,6.0
1982-08-16,-2.3808219178082193,8.2
1982-08-17,-2.378082191780822,9.2
1982-08-18,-2.3753424657534246,4.3
1982-08-19,-2.372602739726027,6.6
1982-08-20,-2.3698630136986303,9.4
1982-08-21,-2.367123287671233,13.2
1982-08-22,-2.3643835616438356,6.6
1982-08-23,-2.361643835616438,5.1
1982-08-24,-2.3589041095890413,12.1
1982-08-25,-2.356164383561644,11.2
1982-08-26,-2.3534246575342466,8.5
1982-08-27,-2.350684931506849,4.6
1982-08-28,-2.347945205479452,7.0
1982-08-29,-2.345205479452055,14.2
1982-08-30,-2.3424657534246576,12.7
1982-08-31,-2.33972602739726,7.6
1982-09-01,-2.336986301369863,4.0
1982-09-02,-2.334246575342466,10.0
1982-09-03,-2.3315068493150686,10.5
1982-09-04,-2.328767123287671,5.0
1982-09-05,-2.326027397260274,4.5
1982-09-06,-2.3232876712328765,8.2
1982-09-07,-2.3205479452054796,4.3
1982-09-08,-2.317808219178082,9.8
1982-09-09,-2.315068493150685,5.8
1982-09-10,-2.3123287671232875,5.0
1982-09-11,-2.3095890410958906,8.5
1982-09-12,-2.3068493150684932,9.0
1982-09-13,-2.304109589041096,3.6
1982-09-14,-2.3013698630136985,6.7
1982-09-15,-2.2986301369863016,6.7
1982-09-16,-2.2958904109589042,10.1
1982-09-17,-2.293150684931507,15.0
1982-09-18,-2.2904109589041095,8.9
1982-09-19,-2.287671232876712,5.7
1982-09-20,-2.2849315068493152,4.2
1982-09-21,-2.282191780821918,4.0
1982-09-22,-2.2794520547945205,5.3
1982-09-23,-2.276712328767123,6.3
1982-09-24,-2.2739726027397262,8.5
1982-09-25,-2.271232876712329,11.5
1982-09-26,-2.2684931506849315,7.7
1982-09-27,-2.265753424657534,9.2
1982-09-28,-2.263013698630137,7.8
1982-09-29,-2.26027397260274,6.3
1982-09-30,-2.2575342465753425,6.3
1982-10-01,-2.254794520547945,8.6
1982-10-02,-2.252054794520548,6.1
1982-10-03,-2.249315068493151,13.2
1982-10-04,-2.2465753424657535,9.9
1982-10-05,-2.243835616438356,4.7
1982-10-06,-2.241095890410959,5.8
1982-10-07,-2.2383561643835614,14.9
1982-10-08,-2.2356164383561645,10.7
1982-10-09,-2.232876712328767,8.6
1982-10-10,-2.23013698630137,9.4
1982-10-11,-2.2273972602739724,5.7
1982-10-12,-2.2246575342465755,10.9
1982-10-13,-2.221917808219178,13.1
1982-10-14,-2.219178082191781,10.4
1982-10-15,-2.2164383561643834,8.2
1982-10-16,-2.213698630136986,9.8
1982-10-17,-2.210958904109589,7.5
1982-10-18,-2.208219178082192,5.8
1982-10-19,-2.2054794520547945,9.8
1982-10-20,-2.202739726027397,7.9
1982-10-21,-2.2,8.7
1982-10-22,-2.197260273972603,10.0
1982-10-23,-2.1945205479452055,10.6
1982-10-24,-2.191780821917808,8.0
1982-10-25,-2.1890410958904107,10.2
1982-10-26,-2.186301369863014,15.1
1982-10-27,-2.1835616438356165,13.9
1982-10-28,-2.180821917808219,9.2
1982-10-29,-2.1780821917808217,9.0
1982-10-30,-2.175342465753425,13.2
1982-10-31,-2.1726027397260275,7.0
1982-11-01,-2.16986301369863,10.6
1982-11-02,-2.1671232876712327,6.9
1982-11-03,-2.164383561643836,9.5
1982-11-04,-2.1616438356164385,12.5
1982-11-05,-2.158904109589041,13.6
1982-11-06,-2.1561643835616437,17.7
1982-11-07,-2.1534246575342464,16.0
1982-11-08,-2.1506849315068495,11.3
1982-11-09,-2.147945205479452,10.5
1982-11-10,-2.1452054794520548,14.4
1982-11-11,-2.1424657534246574,10.3
1982-11-12,-2.1397260273972605,9.0
1982-11-13,-2.136986301369863,11.1
1982-11-14,-2.1342465753424658,14.5
1982-11-15,-2.1315068493150684,18.0
1982-11-16,-2.128767123287671,12.8
1982-11-17,-2.126027397260274,10.7
1982-11-18,-2.1232876712328768,9.1
1982-11-19,-2.1205479452054794,8.7
1982-11-20,-2.117808219178082,12.4
1982-11-21,-2.115068493150685,12.6
1982-11-22,-2.1123287671232878,10.3
1982-11-23,-2.1095890410958904,13.7
1982-11-24,-2.106849315068493,16.0
1982-11-25,-2.1041095890410957,15.8
1982-11-26,-2.1013698630136988,12.1
1982-11-27,-2.0986301369863014,12.5
1982-11-28,-2.095890410958904,12.2
1982-11-29,-2.0931506849315067,13.7
1982-11-30,-2.0904109589041098,16.1
1982-12-01,-2.0876712328767124,15.5
1982-12-02,-2.084931506849315,10.3
1982-12-03,-2.0821917808219177,10.5
1982-12-04,-2.0794520547945203,11.0
1982-12-05,-2.0767123287671234,11.9
1982-12-06,-2.073972602739726,13.0
1982-12-07,-2.0712328767123287,12.2
1982-12-08,-2.0684931506849313,10.6
1982-12-09,-2.0657534246575344,13.0
1982-12-10,-2.063013698630137,13.0
1982-12-11,-2.0602739726027397,12.2
1982-12-12,-2.0575342465753423,12.6
1982-12-13,-2.0547945205479454,18.7
1982-12-14,-2.052054794520548,15.2
1982-12-15,-2.0493150684931507,15.3
1982-12-16,-2.0465753424657533,13.9
1982-12-17,-2.043835616438356,15.8
1982-12-18,-2.041095890410959,13.0
1982-12-19,-2.0383561643835617,13.0
1982-12-20,-2.0356164383561643,13.7
1982-12-21,-2.032876712328767,12.0
1982-12-22,-2.03013698630137,10.8
1982-12-23,-2.0273972602739727,15.6
1982-12-24,-2.0246575342465754,15.3
1982-12-25,-2.021917808219178,13.9
1982-12-26,-2.0191780821917806,13.0
1982-12-27,-2.0164383561643837,15.3
1982-12-28,-2.0136986301369864,16.3
1982-12-29,-2.010958904109589,15.8
1982-12-30,-2.0082191780821916,17.7
1982-12-31,-2.0054794520547947,16.3
1983-01-01,-2.0027397260273974,18.4
1983-01-02,-2.0,15.0
1983-01-03,-1.9972602739726026,10.9
1983-01-04,-1.9945205479452055,11.4
1983-01-05,-1.9917808219178081,14.8
1983-01-06,-1.989041095890411,12.1
1983-01-07,-1.9863013698630136,12.8
1983-01-08,-1.9835616438356165,16.2
1983-01-09,-1.9808219178082191,15.5
1983-01-10,-1.978082191780822,13.0
1983-01-11,-1.9753424657534246,10.5
1983-01-12,-1.9726027397260273,9.1
1983-01-13,-1.9698630136986301,10.5
1983-01-14,-1.9671232876712328,11.8
1983-01-15,-1.9643835616438357,12.7
1983-01-16,-1.9616438356164383,12.7
1983-01-17,-1.9589041095890412,11.5
1983-01-18,-1.9561643835616438,13.8
1983-01-19,-1.9534246575342467,13.3
1983-01-20,-1.9506849315068493,11.6
1983-01-21,-1.9479452054794522,15.4
1983-01-22,-1.9452054794520548,12.4
1983-01-23,-1.9424657534246574,16.9
1983-01-24,-1.9397260273972603,14.7
1983-01-25,-1.936986301369863,10.6
1983-01-26,-1.9342465753424658,15.6
1983-01-27,-1.9315068493150684,10.7
1983-01-28,-1.9287671232876713,12.6
1983-01-29,-1.926027397260274,13.8
1983-01-30,-1.9232876712328768,14.3
1983-01-31,-1.9205479452054794,14.0
1983-02-01,-1.917808219178082,18.1
1983-02-02,-1.915068493150685,17.3
1983-02-03,-1.9123287671232876,13.0
1983-02-04,-1.9095890410958904,16.0
1983-02-05,-1.906849315068493,14.9
1983-02-06,-1.904109589041096,16.2
1983-02-07,-1.9013698630136986,20.3
1983-02-08,-1.8986301369863015,22.5
1983-02-09,-1.895890410958904,17.2
1983-02-10,-1.893150684931507,15.9
1983-02-11,-1.8904109589041096,16.8
1983-02-12,-1.8876712328767122,13.8
1983-02-13,-1.884931506849315,12.8
1983-02-14,-1.8821917808219177,14.0
1983-02-15,-1.8794520547945206,17.5
1983-02-16,-1.8767123287671232,21.5
1983-02-17,-1.873972602739726,16.8
1983-02-18,-1.8712328767123287,13.6
1983-02-19,-1.8684931506849316,14.5
1983-02-20,-1.8657534246575342,14.2
1983-02-21,-1.8630136986301369,15.7
1983-02-22,-1.8602739726027397,19.7
1983-02-23,-1.8575342465753424,17.4
1983-02-24,-1.8547945205479452,14.4
1983-02-25,-1.8520547945205479,16.9
1983-02-26,-1.8493150684931507,19.1
1983-02-27,-1.8465753424657534,20.4
1983-02-28,-1.8438356164383563,20.1
1983-03-01,-1.841095890410959,19.9
1983-03-02,-1.8383561643835618,22.0
1983-03-03,-1.8356164383561644,20.5
1983-03-04,-1.832876712328767,22.1
1983-03-05,-1.83013698630137,20.6
1983-03-06,-1.8273972602739725,15.0
1983-03-07,-1.8246575342465754,20.6
1983-03-08,-1.821917808219178,21.5
1983-03-09,-1.819178082191781,16.2
1983-03-10,-1.8164383561643835,14.1
1983-03-11,-1.8136986301369864,14.5
1983-03-12,-1.810958904109589,21.1
1983-03-13,-1.8082191780821917,15.9
1983-03-14,-1.8054794520547945,15.2
1983-03-15,-1.8027397260273972,13.1
1983-03-16,-1.8,13.2
1983-03-17,-1.7972602739726027,12.5
1983-03-18,-1.7945205479452055,15.2
1983-03-19,-1.7917808219178082,17.6
1983-03-20,-1.789041095890411,15.5
1983-03-21,-1.7863013698630137,16.7
1983-03-22,-1.7835616438356163,16.3
1983-03-23,-1.7808219178082192,15.1
1983-03-24,-1.7780821917808218,12.7
1983-03-25,-1.7753424657534247,10.0
1983-03-26,-1.7726027397260273,11.4
1983-03-27,-1.7698630136986302,12.6
1983-03-28,-1.7671232876712328,10.7
1983-03-29,-1.7643835616438357,10.0
1983-03-30,-1.7616438356164383,13.9
1983-03-31,-1.7589041095890412,13.4
1983-04-01,-1.7561643835616438,12.5
1983-04-02,-1.7534246575342465,12.8
1983-04-03,-1.7506849315068493,7.8
1983-04-04,-1.747945205479452,11.1
1983-04-05,-1.7452054794520548,10.7
1983-04-06,-1.7424657534246575,7.1
1983-04-07,-1.7397260273972603,6.7
1983-04-08,-1.736986301369863,5.7
1983-04-09,-1.7342465753424658,9.1
1983-04-10,-1.7315068493150685,15.2
1983-04-11,-1.7287671232876711,15.5
1983-04-12,-1.726027397260274,11.1
1983-04-13,-1.7232876712328766,11.7
1983-04-14,-1.7205479452054795,11.5
1983-04-15,-1.7178082191780821,9.8
1983-04-16,-1.715068493150685,6.2
1983-04-17,-1.7123287671232876,6.7
1983-04-18,-1.7095890410958905,7.5
1983-04-19,-1.7068493150684931,8.8
1983-04-20,-1.704109589041096,8.0
1983-04-21,-1.7013698630136986,10.4
1983-04-22,-1.6986301369863013,14.5
1983-04-23,-1.6958904109589041,16.5
1983-04-24,-1.6931506849315068,14.1
1983-04-25,-1.6904109589041096,10.5
1983-04-26,-1.6876712328767123,12.6
1983-04-27,-1.6849315068493151,13.0
1983-04-28,-1.6821917808219178,8.7
1983-04-29,-1.6794520547945206,10.1
1983-04-30,-1.6767123287671233,12.0
1983-05-01,-1.673972602739726,12.5
1983-05-02,-1.6712328767123288,13.5
1983-05-03,-1.6684931506849314,13.7
1983-05-04,-1.6657534246575343,13.5
1983-05-05,-1.663013698630137,10.7
1983-05-06,-1.6602739726027398,13.0
1983-05-07,-1.6575342465753424,11.6
1983-05-08,-1.6547945205479453,13.0
1983-05-09,-1.652054794520548,11.2
1983-05-10,-1.6493150684931508,13.5
1983-05-11,-1.6465753424657534,12.9
1983-05-12,-1.643835616438356,6.8
1983-05-13,-1.641095890410959,10.0
1983-05-14,-1.6383561643835616,14.5
1983-05-15,-1.6356164383561644,11.7
1983-05-16,-1.632876712328767,6.7
1983-05-17,-1.63013698630137,4.6
1983-05-18,-1.6273972602739726,4.9
1983-05-19,-1.6246575342465754,7.4
1983-05-20,-1.621917808219178,8.3
1983-05-21,-1.6191780821917807,7.5
1983-05-22,-1.6164383561643836,6.2
1983-05-23,-1.6136986301369862,7.8
1983-05-24,-1.610958904109589,13.2
1983-05-25,-1.6082191780821917,11.9
1983-05-26,-1.6054794520547946,6.5
1983-05-27,-1.6027397260273972,8.3
1983-05-28,-1.6,12.1
1983-05-29,-1.5972602739726027,9.3
1983-05-30,-1.5945205479452054,7.5
1983-05-31,-1.5917808219178082,9.3
1983-06-01,-1.5890410958904109,11.0
1983-06-02,-1.5863013698630137,10.8
1983-06-03,-1.5835616438356164,5.3
1983-06-04,-1.5808219178082192,7.6
1983-06-05,-1.5780821917808219,5.6
1983-06-06,-1.5753424657534247,7.2
1983-06-07,-1.5726027397260274,9.6
1983-06-08,-1.5698630136986302,7.0
1983-06-09,-1.5671232876712329,8.3
1983-06-10,-1.5643835616438355,7.8
1983-06-11,-1.5616438356164384,4.7
1983-06-12,-1.558904109589041,6.8
1983-06-13,-1.5561643835616439,7.2
1983-06-14,-1.5534246575342465,8.3
1983-06-15,-1.5506849315068494,9.5
1983-06-16,-1.547945205479452,4.7
1983-06-17,-1.5452054794520549,3.0
1983-06-18,-1.5424657534246575,1.5
1983-06-19,-1.5397260273972602,2.5
1983-06-20,-1.536986301369863,6.2
1983-06-21,-1.5342465753424657,11.6
1983-06-22,-1.5315068493150685,6.6
1983-06-23,-1.5287671232876712,6.6
1983-06-24,-1.526027397260274,8.0
1983-06-25,-1.5232876712328767,7.9
1983-06-26,-1.5205479452054795,3.3
1983-06-27,-1.5178082191780822,3.9
1983-06-28,-1.515068493150685,6.0
1983-06-29,-1.5123287671232877,4.0
1983-06-30,-1.5095890410958903,5.5
1983-07-01,-1.5068493150684932,8.5
1983-07-02,-1.5041095890410958,9.8
1983-07-03,-1.5013698630136987,9.5
1983-07-04,-1.4986301369863013,7.2
1983-07-05,-1.4958904109589042,8.1
1983-07-06,-1.4931506849315068,8.0
1983-07-07,-1.4904109589041097,8.5
1983-07-08,-1.4876712328767123,8.8
1983-07-09,-1.484931506849315,8.3
1983-07-10,-1.4821917808219178,2.4
1983-07-11,-1.4794520547945205,4.9
1983-07-12,-1.4767123287671233,5.9
1983-07-13,-1.473972602739726,6.7
1983-07-14,-1.4712328767123288,8.4
1983-07-15,-1.4684931506849315,6.5
1983-07-16,-1.4657534246575343,7.9
1983-07-17,-1.463013698630137,4.1
1983-07-18,-1.4602739726027398,5.4
1983-07-19,-1.4575342465753425,7.5
1983-07-20,-1.4547945205479451,3.9
1983-07-21,-1.452054794520548,2.5
1983-07-22,-1.4493150684931506,5.3
1983-07-23,-1.4465753424657535,6.6
1983-07-24,-1.4438356164383561,0.0
1983-07-25,-1.441095890410959,0.7
1983-07-26,-1.4383561643835616,7.6
1983-07-27,-1.4356164383561645,12.3
1983-07-28,-1.4328767123287671,9.2
1983-07-29,-1.4301369863013698,9.6
1983-07-30,-1.4273972602739726,9.5
1983-07-31,-1.4246575342465753,10.0
1983-08-01,-1.4219178082191781,7.7
1983-08-02,-1.4191780821917808,8.0
1983-08-03,-1.4164383561643836,8.3
1983-08-04,-1.4136986301369863,8.3
1983-08-05,-1.4109589041095891,4.5
1983-08-06,-1.4082191780821918,6.5
1983-08-07,-1.4054794520547946,9.4
1983-08-08,-1.4027397260273973,9.4
1983-08-09,-1.4,10.5
1983-08-10,-1.3972602739726028,10.7
1983-08-11,-1.3945205479452054,9.9
1983-08-12,-1.3917808219178083,7.6
1983-08-13,-1.389041095890411,5.8
1983-08-14,-1.3863013698630138,8.5
1983-08-15,-1.3835616438356164,13.8
1983-08-16,-1.3808219178082193,14.3
1983-08-17,-1.378082191780822,8.3
1983-08-18,-1.3753424657534246,5.3
1983-08-19,-1.3726027397260274,3.0
1983-08-20,-1.36986301369863,5.2
1983-08-21,-1.367123287671233,10.3
1983-08-22,-1.3643835616438356,11.1
1983-08-23,-1.3616438356164384,10.5
1983-08-24,-1.358904109589041,9.0
1983-08-25,-1.356164383561644,13.0
1983-08-26,-1.3534246575342466,6.4
1983-08-27,-1.3506849315068492,8.4
1983-08-28,-1.347945205479452,6.7
1983-08-29,-1.3452054794520547,8.3
1983-08-30,-1.3424657534246576,11.2
1983-08-31,-1.3397260273972602,10.0
1983-09-01,-1.336986301369863,10.1
1983-09-02,-1.3342465753424657,10.6
1983-09-03,-1.3315068493150686,10.9
1983-09-04,-1.3287671232876712,5.7
1983-09-05,-1.326027397260274,9.5
1983-09-06,-1.3232876712328767,10.4
1983-09-07,-1.3205479452054794,11.1
1983-09-08,-1.3178082191780822,12.2
1983-09-09,-1.3150684931506849,10.6
1983-09-10,-1.3123287671232877,8.8
1983-09-11,-1.3095890410958904,9.2
1983-09-12,-1.3068493150684932,5.5
1983-09-13,-1.3041095890410959,7.1
1983-09-14,-1.3013698630136987,6.5
1983-09-15,-1.2986301369863014,4.3
1983-09-16,-1.295890410958904,5.0
1983-09-17,-1.2931506849315069,11.2
1983-09-18,-1.2904109589041095,7.5
1983-09-19,-1.2876712328767124,12.0
1983-09-20,-1.284931506849315,13.6
1983-09-21,-1.2821917808219179,8.3
1983-09-22,-1.2794520547945205,8.5
1983-09-23,-1.2767123287671234,12.9
1983-09-24,-1.273972602739726,7.7
1983-09-25,-1.2712328767123289,7.6
1983-09-26,-1.2684931506849315,3.5
1983-09-27,-1.2657534246575342,10.4
1983-09-28,-1.263013698630137,15.4
1983-09-29,-1.2602739726027397,10.6
1983-09-30,-1.2575342465753425,9.6
1983-10-01,-1.2547945205479452,9.3
1983-10-02,-1.252054794520548,13.9
1983-10-03,-1.2493150684931507,7.7
1983-10-04,-1.2465753424657535,9.5
1983-10-05,-1.2438356164383562,7.6
1983-10-06,-1.2410958904109588,6.9
1983-10-07,-1.2383561643835617,6.8
1983-10-08,-1.2356164383561643,5.8
1983-10-09,-1.2328767123287672,6.0
1983-10-10,-1.2301369863013698,8.3
1983-10-11,-1.2273972602739727,9.1
1983-10-12,-1.2246575342465753,12.5
1983-10-13,-1.2219178082191782,13.2
1983-10-14,-1.2191780821917808,16.2
1983-10-15,-1.2164383561643837,12.5
1983-10-16,-1.2136986301369863,11.8
1983-10-17,-1.210958904109589,10.6
1983-10-18,-1.2082191780821918,10.0
1983-10-19,-1.2054794520547945,12.2
1983-10-20,-1.2027397260273973,8.9
1983-10-21,-1.2,10.3
1983-10-22,-1.1972602739726028,7.5
1983-10-23,-1.1945205479452055,11.6
1983-10-24,-1.1917808219178083,12.6
1983-10-25,-1.189041095890411,12.9
1983-10-26,-1.1863013698630136,11.7
1983-10-27,-1.1835616438356165,14.0
1983-10-28,-1.180821917808219,12.3
1983-10-29,-1.178082191780822,9.0
1983-10-30,-1.1753424657534246,9.2
1983-10-31,-1.1726027397260275,9.8
1983-11-01,-1.16986301369863,11.8
1983-11-02,-1.167123287671233,10.6
1983-11-03,-1.1643835616438356,12.6
1983-11-04,-1.1616438356164382,11.0
1983-11-05,-1.158904109589041,8.2
1983-11-06,-1.1561643835616437,7.5
1983-11-07,-1.1534246575342466,13.6
1983-11-08,-1.1506849315068493,14.8
1983-11-09,-1.1479452054794521,10.9
1983-11-10,-1.1452054794520548,7.7
1983-11-11,-1.1424657534246576,10.2
1983-11-12,-1.1397260273972603,10.8
1983-11-13,-1.1369863013698631,10.8
1983-11-14,-1.1342465753424658,12.5
1983-11-15,-1.1315068493150684,13.2
1983-11-16,-1.1287671232876713,8.7
1983-11-17,-1.126027397260274,5.7
1983-11-18,-1.1232876712328768,9.8
1983-11-19,-1.1205479452054794,7.3
1983-11-20,-1.1178082191780823,10.8
1983-11-21,-1.115068493150685,10.0
1983-11-22,-1.1123287671232878,16.2
1983-11-23,-1.1095890410958904,15.0
1983-11-24,-1.106849315068493,14.5
1983-11-25,-1.104109589041096,15.9
1983-11-26,-1.1013698630136985,14.9
1983-11-27,-1.0986301369863014,14.2
1983-11-28,-1.095890410958904,15.8
1983-11-29,-1.093150684931507,17.2
1983-11-30,-1.0904109589041096,17.6
1983-12-01,-1.0876712328767124,12.1
1983-12-02,-1.084931506849315,11.4
1983-12-03,-1.082191780821918,13.0
1983-12-04,-1.0794520547945206,13.2
1983-12-05,-1.0767123287671232,12.0
1983-12-06,-1.073972602739726,15.3
1983-12-07,-1.0712328767123287,12.7
1983-12-08,-1.0684931506849316,12.1
1983-12-09,-1.0657534246575342,13.8
1983-12-10,-1.063013698630137,10.9
1983-12-11,-1.0602739726027397,12.0
1983-12-12,-1.0575342465753426,16.5
1983-12-13,-1.0547945205479452,15.0
1983-12-14,-1.0520547945205478,11.2
1983-12-15,-1.0493150684931507,13.9
1983-12-16,-1.0465753424657533,15.0
1983-12-17,-1.0438356164383562,14.8
1983-12-18,-1.0410958904109588,15.0
1983-12-19,-1.0383561643835617,13.3
1983-12-20,-1.0356164383561643,20.4
1983-12-21,-1.0328767123287672,18.0
1983-12-22,-1.0301369863013699,12.2
1983-12-23,-1.0273972602739727,16.7
1983-12-24,-1.0246575342465754,13.8
1983-12-25,-1.021917808219178,17.5
1983-12-26,-1.0191780821917809,15.0
1983-12-27,-1.0164383561643835,13.9
1983-12-28,-1.0136986301369864,11.1
1983-12-29,-1.010958904109589,16.1
1983-12-30,-1.0082191780821919,20.4
1983-12-31,-1.0054794520547945,18.0
1984-01-01,-1.0027397260273974,19.5
1984-01-02,-1.0,17.1
1984-01-03,-0.9972602739726028,17.1
1984-01-04,-0.9945205479452055,12.0
1984-01-05,-0.9917808219178083,11.0
1984-01-06,-0.989041095890411,16.3
1984-01-07,-0.9863013698630136,16.1
1984-01-08,-0.9835616438356164,13.0
1984-01-09,-0.9808219178082191,13.4
1984-01-10,-0.9780821917808219,15.2
1984-01-11,-0.9753424657534246,12.5
1984-01-12,-0.9726027397260274,14.3
1984-01-13,-0.9698630136986301,16.5
1984-01-14,-0.9671232876712329,18.6
1984-01-15,-0.9643835616438357,18.0
1984-01-16,-0.9616438356164384,18.2
1984-01-17,-0.958904109589041,11.4
1984-01-18,-0.9561643835616438,11.9
1984-01-19,-0.9534246575342465,12.2
1984-01-20,-0.9506849315068493,14.8
1984-01-21,-0.947945205479452,13.1
1984-01-22,-0.9452054794520548,12.7
1984-01-23,-0.9424657534246575,10.5
1984-01-24,-0.9397260273972603,13.8
1984-01-25,-0.936986301369863,18.8
1984-01-26,-0.9342465753424658,13.9
1984-01-27,-0.9315068493150684,11.2
1984-01-28,-0.9287671232876712,10.6
1984-01-29,-0.9260273972602739,14.7
1984-01-30,-0.9232876712328767,13.1
1984-01-31,-0.9205479452054794,12.1
1984-02-01,-0.9178082191780822,14.7
1984-02-02,-0.915068493150685,11.1
1984-02-03,-0.9123287671232877,13.0
1984-02-04,-0.9095890410958904,15.6
1984-02-05,-0.9068493150684932,14.2
1984-02-06,-0.9041095890410958,15.5
1984-02-07,-0.9013698630136986,18.0
1984-02-08,-0.8986301369863013,15.0
1984-02-09,-0.8958904109589041,15.9
1984-02-10,-0.8931506849315068,15.5
1984-02-11,-0.8904109589041096,15.8
1984-02-12,-0.8876712328767123,16.6
1984-02-13,-0.8849315068493151,13.6
1984-02-14,-0.8821917808219178,13.8
1984-02-15,-0.8794520547945206,14.6
1984-02-16,-0.8767123287671232,15.6
1984-02-17,-0.873972602739726,16.6
1984-02-18,-0.8712328767123287,14.3
1984-02-19,-0.8684931506849315,16.3
1984-02-20,-0.8657534246575342,18.9
1984-02-21,-0.863013698630137,18.7
1984-02-22,-0.8602739726027397,14.5
1984-02-23,-0.8575342465753425,16.5
1984-02-24,-0.8547945205479452,14.1
1984-02-25,-0.852054794520548,13.5
1984-02-26,-0.8493150684931506,11.7
1984-02-27,-0.8465753424657534,15.1
1984-02-28,-0.8438356164383561,11.2
1984-02-29,-0.8410958904109589,13.5
1984-03-01,-0.8383561643835616,12.6
1984-03-02,-0.8356164383561644,8.8
1984-03-03,-0.8328767123287671,10.5
1984-03-04,-0.8301369863013699,12.1
1984-03-05,-0.8273972602739726,14.5
1984-03-06,-0.8246575342465754,19.5
1984-03-07,-0.821917808219178,14.0
1984-03-08,-0.8191780821917808,13.8
1984-03-09,-0.8164383561643835,10.5
1984-03-10,-0.8136986301369863,13.8
1984-03-11,-0.810958904109589,11.4
1984-03-12,-0.8082191780821918,15.6
1984-03-13,-0.8054794520547945,11.1
1984-03-14,-0.8027397260273973,12.1
1984-03-15,-0.8,14.2
1984-03-16,-0.7972602739726027,10.9
1984-03-17,-0.7945205479452054,14.2
1984-03-18,-0.7917808219178082,13.8
1984-03-19,-0.7890410958904109,15.1
1984-03-20,-0.7863013698630137,14.0
1984-03-21,-0.7835616438356164,12.1
1984-03-22,-0.7808219178082192,13.8
1984-03-23,-0.7780821917808219,16.6
1984-03-24,-0.7753424657534247,17.8
1984-03-25,-0.7726027397260274,9.4
1984-03-26,-0.7698630136986301,10.2
1984-03-27,-0.7671232876712328,7.4
1984-03-28,-0.7643835616438356,8.7
1984-03-29,-0.7616438356164383,14.0
1984-03-30,-0.7589041095890411,15.3
1984-03-31,-0.7561643835616438,11.1
1984-04-01,-0.7534246575342466,9.7
1984-04-02,-0.7506849315068493,10.3
1984-04-03,-0.7479452054794521,9.2
1984-04-04,-0.7452054794520548,8.2
1984-04-05,-0.7424657534246575,9.7
1984-04-06,-0.7397260273972602,12.4
1984-04-07,-0.736986301369863,12.5
1984-04-08,-0.7342465753424657,9.0
1984-04-09,-0.7315068493150685,9.7
1984-04-10,-0.7287671232876712,10.1
1984-04-11,-0.726027397260274,11.2
1984-04-12,-0.7232876712328767,12.0
1984-04-13,-0.7205479452054795,11.1
1984-04-14,-0.7178082191780822,10.8
1984-04-15,-0.7150684931506849,12.8
1984-04-16,-0.7123287671232876,9.8
1984-04-17,-0.7095890410958904,13.7
1984-04-18,-0.7068493150684931,11.0
1984-04-19,-0.7041095890410959,13.2
1984-04-20,-0.7013698630136986,13.0
1984-04-21,-0.6986301369863014,10.2
1984-04-22,-0.6958904109589041,13.2
1984-04-23,-0.6931506849315069,9.3
1984-04-24,-0.6904109589041096,11.1
1984-04-25,-0.6876712328767123,10.3
1984-04-26,-0.684931506849315,8.7
1984-04-27,-0.6821917808219178,11.7
1984-04-28,-0.6794520547945205,12.5
1984-04-29,-0.6767123287671233,6.5
1984-04-30,-0.673972602739726,9.6
1984-05-01,-0.6712328767123288,13.8
1984-05-02,-0.6684931506849315,14.7
1984-05-03,-0.6657534246575343,9.1
1984-05-04,-0.663013698630137,4.8
1984-05-05,-0.6602739726027397,3.3
1984-05-06,-0.6575342465753424,3.5
1984-05-07,-0.6547945205479452,5.7
1984-05-08,-0.6520547945205479,5.5
1984-05-09,-0.6493150684931507,7.0
1984-05-10,-0.6465753424657534,9.5
1984-05-11,-0.6438356164383562,9.9
1984-05-12,-0.6410958904109589,4.9
1984-05-13,-0.6383561643835617,6.3
1984-05-14,-0.6356164383561644,4.8
1984-05-15,-0.6328767123287671,6.2
1984-05-16,-0.6301369863013698,7.1
1984-05-17,-0.6273972602739726,7.5
1984-05-18,-0.6246575342465753,9.4
1984-05-19,-0.6219178082191781,8.7
1984-05-20,-0.6191780821917808,9.5
1984-05-21,-0.6164383561643836,12.1
1984-05-22,-0.6136986301369863,9.5
1984-05-23,-0.6109589041095891,9.3
1984-05-24,-0.6082191780821918,8.5
1984-05-25,-0.6054794520547945,8.0
1984-05-26,-0.6027397260273972,9.8
1984-05-27,-0.6,6.2
1984-05-28,-0.5972602739726027,7.3
1984-05-29,-0.5945205479452055,10.9
1984-05-30,-0.5917808219178082,10.0
1984-05-31,-0.589041095890411,8.7
1984-06-01,-0.5863013698630137,9.0
1984-06-02,-0.5835616438356165,10.8
1984-06-03,-0.5808219178082191,12.4
1984-06-04,-0.5780821917808219,7.2
1984-06-05,-0.5753424657534246,7.2
1984-06-06,-0.5726027397260274,11.1
1984-06-07,-0.5698630136986301,9.3
1984-06-08,-0.5671232876712329,10.1
1984-06-09,-0.5643835616438356,3.9
1984-06-10,-0.5616438356164384,5.0
1984-06-11,-0.5589041095890411,8.2
1984-06-12,-0.5561643835616439,2.8
1984-06-13,-0.5534246575342465,4.3
1984-06-14,-0.5506849315068493,8.1
1984-06-15,-0.547945205479452,11.1
1984-06-16,-0.5452054794520548,4.7
1984-06-17,-0.5424657534246575,5.3
1984-06-18,-0.5397260273972603,10.0
1984-06-19,-0.536986301369863,5.6
1984-06-20,-0.5342465753424658,2.2
1984-06-21,-0.5315068493150685,7.1
1984-06-22,-0.5287671232876713,8.3
1984-06-23,-0.5260273972602739,8.6
1984-06-24,-0.5232876712328767,10.1
1984-06-25,-0.5205479452054794,8.3
1984-06-26,-0.5178082191780822,7.2
1984-06-27,-0.5150684931506849,7.7
1984-06-28,-0.5123287671232877,7.8
1984-06-29,-0.5095890410958904,9.1
1984-06-30,-0.5068493150684932,9.4
1984-07-01,-0.5041095890410959,7.8
1984-07-02,-0.5013698630136987,2.6
1984-07-03,-0.4986301369863014,2.4
1984-07-04,-0.4958904109589041,3.9
1984-07-05,-0.4931506849315068,1.3
1984-07-06,-0.4904109589041096,2.1
1984-07-07,-0.4876712328767123,7.4
1984-07-08,-0.4849315068493151,7.2
1984-07-09,-0.4821917808219178,8.8
1984-07-10,-0.4794520547945205,8.9
1984-07-11,-0.4767123287671233,8.8
1984-07-12,-0.473972602739726,8.0
1984-07-13,-0.4712328767123288,0.7
1984-07-14,-0.4684931506849315,0.1
1984-07-15,-0.4657534246575342,0.9
1984-07-16,-0.46301369863013697,7.8
1984-07-17,-0.4602739726027397,7.2
1984-07-18,-0.4575342465753425,8.0
1984-07-19,-0.4547945205479452,4.6
1984-07-20,-0.4520547945205479,5.2
1984-07-21,-0.44931506849315067,5.8
1984-07-22,-0.4465753424657534,6.8
1984-07-23,-0.4438356164383562,8.1
1984-07-24,-0.4410958904109589,7.5
1984-07-25,-0.4383561643835616,5.4
1984-07-26,-0.43561643835616437,4.6
1984-07-27,-0.4328767123287671,6.4
1984-07-28,-0.4301369863013699,9.7
1984-07-29,-0.4273972602739726,7.0
1984-07-30,-0.4246575342465753,10.0
1984-07-31,-0.42191780821917807,10.6
1984-08-01,-0.4191780821917808,11.5
1984-08-02,-0.41643835616438357,10.2
1984-08-03,-0.4136986301369863,11.1
1984-08-04,-0.410958904109589,11.0
1984-08-05,-0.40821917808219177,8.9
1984-08-06,-0.4054794520547945,9.9
1984-08-07,-0.40273972602739727,11.7
1984-08-08,-0.4,11.6
1984-08-09,-0.3972602739726027,9.0
1984-08-10,-0.39452054794520547,6.3
1984-08-11,-0.3917808219178082,8.7
1984-08-12,-0.38904109589041097,8.5
1984-08-13,-0.3863013698630137,8.5
1984-08-14,-0.3835616438356164,8.0
1984-08-15,-0.38082191780821917,6.0
1984-08-16,-0.3780821917808219,8.0
1984-08-17,-0.37534246575342467,8.5
1984-08-18,-0.3726027397260274,7.7
1984-08-19,-0.3698630136986301,8.4
1984-08-20,-0.36712328767123287,9.0
1984-08-21,-0.3643835616438356,8.3
1984-08-22,-0.36164383561643837,6.8
1984-08-23,-0.3589041095890411,9.3
1984-08-24,-0.3561643835616438,6.7
1984-08-25,-0.35342465753424657,9.0
1984-08-26,-0.3506849315068493,7.3
1984-08-27,-0.34794520547945207,6.3
1984-08-28,-0.3452054794520548,7.9
1984-08-29,-0.3424657534246575,5.2
1984-08-30,-0.33972602739726027,9.0
1984-08-31,-0.336986301369863,11.3
1984-09-01,-0.33424657534246577,9.2
1984-09-02,-0.3315068493150685,11.3
1984-09-03,-0.3287671232876712,7.0
1984-09-04,-0.32602739726027397,8.0
1984-09-05,-0.3232876712328767,4.6
1984-09-06,-0.32054794520547947,8.5
1984-09-07,-0.3178082191780822,9.5
1984-09-08,-0.3150684931506849,9.4
1984-09-09,-0.31232876712328766,10.5
1984-09-10,-0.3095890410958904,9.7
1984-09-11,-0.30684931506849317,4.9
1984-09-12,-0.3041095890410959,8.0
1984-09-13,-0.3013698630136986,5.8
1984-09-14,-0.29863013698630136,5.5
1984-09-15,-0.2958904109589041,10.9
1984-09-16,-0.29315068493150687,11.7
1984-09-17,-0.29041095890410956,9.2
1984-09-18,-0.2876712328767123,8.9
1984-09-19,-0.28493150684931506,11.3
1984-09-20,-0.2821917808219178,8.6
1984-09-21,-0.27945205479452057,6.2
1984-09-22,-0.27671232876712326,6.6
1984-09-23,-0.273972602739726,9.1
1984-09-24,-0.27123287671232876,6.1
1984-09-25,-0.2684931506849315,7.5
1984-09-26,-0.26575342465753427,10.7
1984-09-27,-0.26301369863013696,6.3
1984-09-28,-0.2602739726027397,5.5
1984-09-29,-0.25753424657534246,6.7
1984-09-30,-0.2547945205479452,4.2
1984-10-01,-0.25205479452054796,11.3
1984-10-02,-0.2493150684931507,16.3
1984-10-03,-0.2465753424657534,10.5
1984-10-04,-0.24383561643835616,10.3
1984-10-05,-0.2410958904109589,7.9
1984-10-06,-0.23835616438356164,7.7
1984-10-07,-0.2356164383561644,16.0
1984-10-08,-0.2328767123287671,14.6
1984-10-09,-0.23013698630136986,12.5
1984-10-10,-0.2273972602739726,8.1
1984-10-11,-0.22465753424657534,12.2
1984-10-12,-0.2219178082191781,17.2
1984-10-13,-0.2191780821917808,9.4
1984-10-14,-0.21643835616438356,8.7
1984-10-15,-0.2136986301369863,5.9
1984-10-16,-0.21095890410958903,4.8
1984-10-17,-0.20821917808219179,7.4
1984-10-18,-0.2054794520547945,9.4
1984-10-19,-0.20273972602739726,9.7
1984-10-20,-0.2,9.9
1984-10-21,-0.19726027397260273,6.5
1984-10-22,-0.19452054794520549,9.8
1984-10-23,-0.1917808219178082,18.2
1984-10-24,-0.18904109589041096,11.3
1984-10-25,-0.1863013698630137,9.1
1984-10-26,-0.18356164383561643,9.6
1984-10-27,-0.18082191780821918,13.5
1984-10-28,-0.1780821917808219,10.7
1984-10-29,-0.17534246575342466,10.0
1984-10-30,-0.1726027397260274,8.5
1984-10-31,-0.16986301369863013,12.6
1984-11-01,-0.16712328767123288,16.6
1984-11-02,-0.1643835616438356,11.6
1984-11-03,-0.16164383561643836,12.2
1984-11-04,-0.1589041095890411,11.2
1984-11-05,-0.15616438356164383,9.2
1984-11-06,-0.15342465753424658,9.9
1984-11-07,-0.1506849315068493,11.9
1984-11-08,-0.14794520547945206,15.6
1984-11-09,-0.14520547945205478,19.0
1984-11-10,-0.14246575342465753,12.8
1984-11-11,-0.13972602739726028,12.2
1984-11-12,-0.136986301369863,12.0
1984-11-13,-0.13424657534246576,11.1
1984-11-14,-0.13150684931506848,11.8
1984-11-15,-0.12876712328767123,7.6
1984-11-16,-0.12602739726027398,13.0
1984-11-17,-0.1232876712328767,12.7
1984-11-18,-0.12054794520547946,16.0
1984-11-19,-0.1178082191780822,14.8
1984-11-20,-0.11506849315068493,14.2
1984-11-21,-0.11232876712328767,10.0
1984-11-22,-0.1095890410958904,8.8
1984-11-23,-0.10684931506849316,11.6
1984-11-24,-0.10410958904109589,8.6
1984-11-25,-0.10136986301369863,14.6
1984-11-26,-0.09863013698630137,24.3
1984-11-27,-0.0958904109589041,11.6
1984-11-28,-0.09315068493150686,10.8
1984-11-29,-0.09041095890410959,12.0
1984-11-30,-0.08767123287671233,11.0
1984-12-01,-0.08493150684931507,12.6
1984-12-02,-0.0821917808219178,10.8
1984-12-03,-0.07945205479452055,9.1
1984-12-04,-0.07671232876712329,11.0
1984-12-05,-0.07397260273972603,13.0
1984-12-06,-0.07123287671232877,12.8
1984-12-07,-0.0684931506849315,9.9
1984-12-08,-0.06575342465753424,11.6
1984-12-09,-0.06301369863013699,10.5
1984-12-10,-0.06027397260273973,15.9
1984-12-11,-0.057534246575342465,12.2
1984-12-12,-0.0547945205479452,13.0
1984-12-13,-0.052054794520547946,12.5
1984-12-14,-0.049315068493150684,12.5
1984-12-15,-0.04657534246575343,11.4
1984-12-16,-0.043835616438356165,12.1
1984-12-17,-0.0410958904109589,16.8
1984-12-18,-0.038356164383561646,12.1
1984-12-19,-0.03561643835616438,11.3
1984-12-20,-0.03287671232876712,10.4
1984-12-21,-0.030136986301369864,14.2
1984-12-22,-0.0273972602739726,11.4
1984-12-23,-0.024657534246575342,13.7
1984-12-24,-0.021917808219178082,16.5
1984-12-25,-0.019178082191780823,12.8
1984-12-26,-0.01643835616438356,12.2
1984-12-27,-0.0136986301369863,12.0
1984-12-28,-0.010958904109589041,12.6
1984-12-29,-0.00821917808219178,16.0
1984-12-30,-0.005479452054794521,16.4
1985-01-01,0.0,13.3
1985-01-02,0.0027397260273972603,15.2
1985-01-03,0.005479452054794521,13.1
1985-01-04,0.00821917808219178,12.7
1985-01-05,0.010958904109589041,14.6
1985-01-06,0.0136986301369863,11.0
1985-01-07,0.01643835616438356,13.2
1985-01-08,0.019178082191780823,12.2
1985-01-09,0.021917808219178082,14.4
1985-01-10,0.024657534246575342,13.7
1985-01-11,0.0273972602739726,14.5
1985-01-12,0.030136986301369864,14.1
1985-01-13,0.03287671232876712,14.4
1985-01-14,0.03561643835616438,19.7
1985-01-15,0.038356164383561646,16.5
1985-01-16,0.0410958904109589,15.9
1985-01-17,0.043835616438356165,11.8
1985-01-18,0.04657534246575343,12.0
1985-01-19,0.049315068493150684,11.4
1985-01-20,0.052054794520547946,14.4
1985-01-21,0.0547945205479452,12.4
1985-01-22,0.057534246575342465,15.1
1985-01-23,0.06027397260273973,15.6
1985-01-24,0.06301369863013699,15.2
1985-01-25,0.06575342465753424,12.8
1985-01-26,0.0684931506849315,13.3
1985-01-27,0.07123287671232877,17.5
1985-01-28,0.07397260273972603,15.4
1985-01-29,0.07671232876712329,13.5
1985-01-30,0.07945205479452055,16.7
1985-01-31,0.0821917808219178,15.2
1985-02-01,0.08493150684931507,14.9
1985-02-02,0.08767123287671233,10.2
1985-02-03,0.09041095890410959,13.6
1985-02-04,0.09315068493150686,19.0
1985-02-05,0.0958904109589041,15.7
1985-02-06,0.09863013698630137,18.0
1985-02-07,0.10136986301369863,14.8
1985-02-08,0.10410958904109589,13.9
1985-02-09,0.10684931506849316,13.0
1985-02-10,0.1095890410958904,15.3
1985-02-11,0.11232876712328767,14.3
1985-02-12,0.11506849315068493,15.6
1985-02-13,0.1178082191780822,16.0
1985-02-14,0.12054794520547946,14.9
1985-02-15,0.1232876712328767,11.1
1985-02-16,0.12602739726027398,14.8
1985-02-17,0.12876712328767123,13.0
1985-02-18,0.13150684931506848,12.2
1985-02-19,0.13424657534246576,10.9
1985-02-20,0.136986301369863,14.6
1985-02-21,0.13972602739726028,16.6
1985-02-22,0.14246575342465753,18.1
1985-02-23,0.14520547945205478,13.4
1985-02-24,0.14794520547945206,10.3
1985-02-25,0.1506849315068493,13.6
1985-02-26,0.15342465753424658,13.8
1985-02-27,0.15616438356164383,10.3
1985-02-28,0.1589041095890411,11.0
1985-03-01,0.16164383561643836,14.3
1985-03-02,0.1643835616438356,15.5
1985-03-03,0.16712328767123288,14.7
1985-03-04,0.16986301369863013,12.7
1985-03-05,0.1726027397260274,10.7
1985-03-06,0.17534246575342466,12.6
1985-03-07,0.1780821917808219,9.8
1985-03-08,0.18082191780821918,13.2
1985-03-09,0.18356164383561643,15.2
1985-03-10,0.1863013698630137,16.6
1985-03-11,0.18904109589041096,21.0
1985-03-12,0.1917808219178082,22.4
1985-03-13,0.19452054794520549,17.0
1985-03-14,0.19726027397260273,21.7
1985-03-15,0.2,21.4
1985-03-16,0.20273972602739726,18.6
1985-03-17,0.2054794520547945,16.2
1985-03-18,0.20821917808219179,16.8
1985-03-19,0.21095890410958903,17.0
1985-03-20,0.2136986301369863,18.4
1985-03-21,0.21643835616438356,17.2
1985-03-22,0.2191780821917808,18.4
1985-03-23,0.2219178082191781,18.8
1985-03-24,0.22465753424657534,16.5
1985-03-25,0.2273972602739726,13.3
1985-03-26,0.23013698630136986,12.2
1985-03-27,0.2328767123287671,11.3
1985-03-28,0.2356164383561644,13.8
1985-03-29,0.23835616438356164,16.6
1985-03-30,0.2410958904109589,14.0
1985-03-31,0.24383561643835616,14.3
1985-04-01,0.2465753424657534,16.4
1985-04-02,0.2493150684931507,11.9
1985-04-03,0.25205479452054796,15.7
1985-04-04,0.2547945205479452,17.6
1985-04-05,0.25753424657534246,17.5
1985-04-06,0.2602739726027397,15.9
1985-04-07,0.26301369863013696,16.2
1985-04-08,0.26575342465753427,16.0
1985-04-09,0.2684931506849315,15.9
1985-04-10,0.27123287671232876,16.2
1985-04-11,0.273972602739726,16.2
1985-04-12,0.27671232876712326,19.5
1985-04-13,0.27945205479452057,18.2
1985-04-14,0.2821917808219178,21.8
1985-04-15,0.28493150684931506,15.1
1985-04-16,0.2876712328767123,11.0
1985-04-17,0.29041095890410956,8.1
1985-04-18,0.29315068493150687,9.5
1985-04-19,0.2958904109589041,9.3
1985-04-20,0.29863013698630136,10.6
1985-04-21,0.3013698630136986,6.3
1985-04-22,0.3041095890410959,8.6
1985-04-23,0.30684931506849317,6.8
1985-04-24,0.3095890410958904,8.7
1985-04-25,0.31232876712328766,8.4
1985-04-26,0.3150684931506849,9.3
1985-04-27,0.3178082191780822,10.0
1985-04-28,0.32054794520547947,10.5
1985-04-29,0.3232876712328767,12.0
1985-04-30,0.32602739726027397,10.1
1985-05-01,0.3287671232876712,9.4
1985-05-02,0.3315068493150685,10.1
1985-05-03,0.33424657534246577,8.0
1985-05-04,0.336986301369863,10.6
1985-05-05,0.33972602739726027,13.6
1985-05-06,0.3424657534246575,15.4
1985-05-07,0.3452054794520548,9.0
1985-05-08,0.34794520547945207,10.4
1985-05-09,0.3506849315068493,11.0
1985-05-10,0.35342465753424657,12.1
1985-05-11,0.3561643835616438,13.4
1985-05-12,0.3589041095890411,11.3
1985-05-13,0.36164383561643837,6.7
1985-05-14,0.3643835616438356,9.8
1985-05-15,0.36712328767123287,10.8
1985-05-16,0.3698630136986301,7.8
1985-05-17,0.3726027397260274,4.5
1985-05-18,0.37534246575342467,7.6
1985-05-19,0.3780821917808219,6.9
1985-05-20,0.38082191780821917,7.5
1985-05-21,0.3835616438356164,8.5
1985-05-22,0.3863013698630137,5.5
1985-05-23,0.38904109589041097,9.5
1985-05-24,0.3917808219178082,7.3
1985-05-25,0.39452054794520547,5.4
1985-05-26,0.3972602739726027,5.5
1985-05-27,0.4,8.1
1985-05-28,0.40273972602739727,11.2
1985-05-29,0.4054794520547945,13.4
1985-05-30,0.40821917808219177,11.6
1985-05-31,0.410958904109589,10.1
1985-06-01,0.4136986301369863,4.3
1985-06-02,0.41643835616438357,5.5
1985-06-03,0.4191780821917808,4.4
1985-06-04,0.42191780821917807,5.9
1985-06-05,0.4246575342465753,5.7
1985-06-06,0.4273972602739726,8.2
1985-06-07,0.4301369863013699,8.2
1985-06-08,0.4328767123287671,4.2
1985-06-09,0.43561643835616437,6.5
1985-06-10,0.4383561643835616,10.0
1985-06-11,0.4410958904109589,8.8
1985-06-12,0.4438356164383562,6.6
1985-06-13,0.4465753424657534,7.8
1985-06-14,0.44931506849315067,10.1
1985-06-15,0.4520547945205479,7.1
1985-06-16,0.4547945205479452,7.7
1985-06-17,0.4575342465753425,8.5
1985-06-18,0.4602739726027397,7.3
1985-06-19,0.46301369863013697,6.9
1985-06-20,0.4657534246575342,8.4
1985-06-21,0.4684931506849315,7.1
1985-06-22,0.4712328767123288,6.3
1985-06-23,0.473972602739726,0.6
1985-06-24,0.4767123287671233,1.6
1985-06-25,0.4794520547945205,7.0
1985-06-26,0.4821917808219178,8.3
1985-06-27,0.4849315068493151,8.0
1985-06-28,0.4876712328767123,10.2
1985-06-29,0.4904109589041096,10.6
1985-06-30,0.4931506849315068,10.4
1985-07-01,0.4958904109589041,11.6
1985-07-02,0.4986301369863014,11.0
1985-07-03,0.5013698630136987,10.7
1985-07-04,0.5041095890410959,7.3
1985-07-05,0.5068493150684932,4.2
1985-07-06,0.5095890410958904,4.7
1985-07-07,0.5123287671232877,5.6
1985-07-08,0.5150684931506849,7.7
1985-07-09,0.5178082191780822,7.5
1985-07-10,0.5205479452054794,4.9
1985-07-11,0.5232876712328767,5.9
1985-07-12,0.5260273972602739,7.8
1985-07-13,0.5287671232876713,5.8
1985-07-14,0.5315068493150685,7.0
1985-07-15,0.5342465753424658,8.4
1985-07-16,0.536986301369863,6.2
1985-07-17,0.5397260273972603,7.5
1985-07-18,0.5424657534246575,4.8
1985-07-19,0.5452054794520548,3.3
1985-07-20,0.547945205479452,3.2
1985-07-21,0.5506849315068493,7.0
1985-07-22,0.5534246575342465,8.4
1985-07-23,0.5561643835616439,0.3
1985-07-24,0.5589041095890411,0.3
1985-07-25,0.5616438356164384,2.1
1985-07-26,0.5643835616438356,8.5
1985-07-27,0.5671232876712329,1.4
1985-07-28,0.5698630136986301,4.1
1985-07-29,0.5726027397260274,10.3
1985-07-30,0.5753424657534246,6.6
1985-07-31,0.5780821917808219,6.1
1985-08-01,0.5808219178082191,7.0
1985-08-02,0.5835616438356165,5.1
1985-08-03,0.5863013698630137,6.3
1985-08-04,0.589041095890411,6.9
1985-08-05,0.5917808219178082,11.4
1985-08-06,0.5945205479452055,10.4
1985-08-07,0.5972602739726027,10.3
1985-08-08,0.6,9.2
1985-08-09,0.6027397260273972,7.2
1985-08-10,0.6054794520547945,7.5
1985-08-11,0.6082191780821918,4.0
1985-08-12,0.6109589041095891,5.6
1985-08-13,0.6136986301369863,6.7
1985-08-14,0.6164383561643836,8.4
1985-08-15,0.6191780821917808,11.0
1985-08-16,0.6219178082191781,8.4
1985-08-17,0.6246575342465753,8.8
1985-08-18,0.6273972602739726,8.6
1985-08-19,0.6301369863013698,8.3
1985-08-20,0.6328767123287671,4.0
1985-08-21,0.6356164383561644,3.6
1985-08-22,0.6383561643835617,5.7
1985-08-23,0.6410958904109589,10.6
1985-08-24,0.6438356164383562,6.9
1985-08-25,0.6465753424657534,10.0
1985-08-26,0.6493150684931507,9.8
1985-08-27,0.6520547945205479,7.2
1985-08-28,0.6547945205479452,10.5
1985-08-29,0.6575342465753424,3.6
1985-08-30,0.6602739726027397,5.3
1985-08-31,0.663013698630137,8.4
1985-09-01,0.6657534246575343,10.3
1985-09-02,0.6684931506849315,7.9
1985-09-03,0.6712328767123288,8.5
1985-09-04,0.673972602739726,7.9
1985-09-05,0.6767123287671233,8.0
1985-09-06,0.6794520547945205,9.8
1985-09-07,0.6821917808219178,6.7
1985-09-08,0.684931506849315,4.8
1985-09-09,0.6876712328767123,9.9
1985-09-10,0.6904109589041096,12.8
1985-09-11,0.6931506849315069,10.9
1985-09-12,0.6958904109589041,11.7
1985-09-13,0.6986301369863014,11.7
1985-09-14,0.7013698630136986,11.0
1985-09-15,0.7041095890410959,8.2
1985-09-16,0.7068493150684931,7.5
1985-09-17,0.7095890410958904,5.4
1985-09-18,0.7123287671232876,7.2
1985-09-19,0.7150684931506849,9.7
1985-09-20,0.7178082191780822,8.4
1985-09-21,0.7205479452054795,9.0
1985-09-22,0.7232876712328767,8.7
1985-09-23,0.726027397260274,6.6
1985-09-24,0.7287671232876712,11.6
1985-09-25,0.7315068493150685,13.1
1985-09-26,0.7342465753424657,6.7
1985-09-27,0.736986301369863,6.5
1985-09-28,0.7397260273972602,7.7
1985-09-29,0.7424657534246575,8.7
1985-09-30,0.7452054794520548,7.2
1985-10-01,0.7479452054794521,10.5
1985-10-02,0.7506849315068493,8.6
1985-10-03,0.7534246575342466,7.2
1985-10-04,0.7561643835616438,11.4
1985-10-05,0.7589041095890411,16.2
1985-10-06,0.7616438356164383,6.1
1985-10-07,0.7643835616438356,9.6
1985-10-08,0.7671232876712328,11.1
1985-10-09,0.7698630136986301,13.6
1985-10-10,0.7726027397260274,10.7
1985-10-11,0.7753424657534247,14.7
1985-10-12,0.7780821917808219,11.6
1985-10-13,0.7808219178082192,7.3
1985-10-14,0.7835616438356164,8.0
1985-10-15,0.7863013698630137,9.6
1985-10-16,0.7890410958904109,16.0
1985-10-17,0.7917808219178082,15.1
1985-10-18,0.7945205479452054,12.8
1985-10-19,0.7972602739726027,6.2
1985-10-20,0.8,7.1
1985-10-21,0.8027397260273973,8.4
1985-10-22,0.8054794520547945,10.0
1985-10-23,0.8082191780821918,12.7
1985-10-24,0.810958904109589,10.0
1985-10-25,0.8136986301369863,10.2
1985-10-26,0.8164383561643835,6.5
1985-10-27,0.8191780821917808,9.2
1985-10-28,0.821917808219178,11.9
1985-10-29,0.8246575342465754,14.7
1985-10-30,0.8273972602739726,11.4
1985-10-31,0.8301369863013699,6.8
1985-11-01,0.8328767123287671,7.4
1985-11-02,0.8356164383561644,11.2
1985-11-03,0.8383561643835616,9.2
1985-11-04,0.8410958904109589,12.6
1985-11-05,0.8438356164383561,16.0
1985-11-06,0.8465753424657534,17.1
1985-11-07,0.8493150684931506,15.3
1985-11-08,0.852054794520548,13.3
1985-11-09,0.8547945205479452,15.4
1985-11-10,0.8575342465753425,13.2
1985-11-11,0.8602739726027397,14.4
1985-11-12,0.863013698630137,14.0
1985-11-13,0.8657534246575342,15.5
1985-11-14,0.8684931506849315,21.0
1985-11-15,0.8712328767123287,10.0
1985-11-16,0.873972602739726,9.6
1985-11-17,0.8767123287671232,12.0
1985-11-18,0.8794520547945206,12.2
1985-11-19,0.8821917808219178,11.3
1985-11-20,0.8849315068493151,13.2
1985-11-21,0.8876712328767123,10.5
1985-11-22,0.8904109589041096,10.1
1985-11-23,0.8931506849315068,8.8
1985-11-24,0.8958904109589041,13.7
1985-11-25,0.8986301369863013,16.2
1985-11-26,0.9013698630136986,16.0
1985-11-27,0.9041095890410958,14.0
1985-11-28,0.9068493150684932,13.7
1985-11-29,0.9095890410958904,12.5
1985-11-30,0.9123287671232877,12.8
1985-12-01,0.915068493150685,12.3
1985-12-02,0.9178082191780822,15.2
1985-12-03,0.9205479452054794,15.0
1985-12-04,0.9232876712328767,16.4
1985-12-05,0.9260273972602739,16.1
1985-12-06,0.9287671232876712,14.6
1985-12-07,0.9315068493150684,18.2
1985-12-08,0.9342465753424658,16.4
1985-12-09,0.936986301369863,16.6
1985-12-10,0.9397260273972603,14.7
1985-12-11,0.9424657534246575,15.8
1985-12-12,0.9452054794520548,14.1
1985-12-13,0.947945205479452,13.5
1985-12-14,0.9506849315068493,13.6
1985-12-15,0.9534246575342465,13.7
1985-12-16,0.9561643835616438,13.6
1985-12-17,0.958904109589041,12.1
1985-12-18,0.9616438356164384,12.7
1985-12-19,0.9643835616438357,13.3
1985-12-20,0.9671232876712329,14.2
1985-12-21,0.9698630136986301,15.0
1985-12-22,0.9726027397260274,13.7
1985-12-23,0.9753424657534246,12.0
1985-12-24,0.9780821917808219,13.1
1985-12-25,0.9808219178082191,13.2
1985-12-26,0.9835616438356164,13.3
1985-12-27,0.9863013698630136,11.5
1985-12-28,0.989041095890411,10.8
1985-12-29,0.9917808219178083,12.0
1985-12-30,0.9945205479452055,16.3
1985-12-31,0.9972602739726028,14.4
1986-01-01,1.0,12.9
1986-01-02,1.0027397260273974,13.8
1986-01-03,1.0054794520547945,10.6
1986-01-04,1.0082191780821919,12.6
1986-01-05,1.010958904109589,13.7
1986-01-06,1.0136986301369864,12.6
1986-01-07,1.0164383561643835,13.1
1986-01-08,1.0191780821917809,15.4
1986-01-09,1.021917808219178,11.9
1986-01-10,1.0246575342465754,13.8
1986-01-11,1.0273972602739727,14.4
1986-01-12,1.0301369863013699,15.2
1986-01-13,1.0328767123287672,12.5
1986-01-14,1.0356164383561643,12.2
1986-01-15,1.0383561643835617,16.1
1986-01-16,1.0410958904109588,14.6
1986-01-17,1.0438356164383562,11.6
1986-01-18,1.0465753424657533,13.1
1986-01-19,1.0493150684931507,12.8
1986-01-20,1.0520547945205478,15.2
1986-01-21,1.0547945205479452,13.8
1986-01-22,1.0575342465753426,15.0
1986-01-23,1.0602739726027397,13.5
1986-01-24,1.063013698630137,11.8
1986-01-25,1.0657534246575342,15.3
1986-01-26,1.0684931506849316,13.5
1986-01-27,1.0712328767123287,15.3
1986-01-28,1.073972602739726,13.8
1986-01-29,1.0767123287671232,15.8
1986-01-30,1.0794520547945206,17.4
1986-01-31,1.082191780821918,15.3
1986-02-01,1.084931506849315,14.6
1986-02-02,1.0876712328767124,14.8
1986-02-03,1.0904109589041096,10.7
1986-02-04,1.093150684931507,11.6
1986-02-05,1.095890410958904,13.6
1986-02-06,1.0986301369863014,14.4
1986-02-07,1.1013698630136985,11.8
1986-02-08,1.104109589041096,15.8
1986-02-09,1.106849315068493,16.0
1986-02-10,1.1095890410958904,11.8
1986-02-11,1.1123287671232878,14.5
1986-02-12,1.115068493150685,10.7
1986-02-13,1.1178082191780823,14.2
1986-02-14,1.1205479452054794,19.5
1986-02-15,1.1232876712328768,21.4
1986-02-16,1.126027397260274,17.9
1986-02-17,1.1287671232876713,17.4
1986-02-18,1.1315068493150684,12.7
1986-02-19,1.1342465753424658,13.8
1986-02-20,1.1369863013698631,14.0
1986-02-21,1.1397260273972603,15.0
1986-02-22,1.1424657534246576,14.5
1986-02-23,1.1452054794520548,13.1
1986-02-24,1.1479452054794521,11.4
1986-02-25,1.1506849315068493,12.5
1986-02-26,1.1534246575342466,12.0
1986-02-27,1.1561643835616437,13.4
1986-02-28,1.158904109589041,14.4
1986-03-01,1.1616438356164382,17.7
1986-03-02,1.1643835616438356,13.9
1986-03-03,1.167123287671233,13.3
1986-03-04,1.16986301369863,14.6
1986-03-05,1.1726027397260275,16.4
1986-03-06,1.1753424657534246,16.8
1986-03-07,1.178082191780822,20.0
1986-03-08,1.180821917808219,12.5
1986-03-09,1.1835616438356165,12.7
1986-03-10,1.1863013698630136,11.7
1986-03-11,1.189041095890411,12.7
1986-03-12,1.1917808219178083,8.6
1986-03-13,1.1945205479452055,11.9
1986-03-14,1.1972602739726028,16.0
1986-03-15,1.2,15.2
1986-03-16,1.2027397260273973,13.4
1986-03-17,1.2054794520547945,11.6
1986-03-18,1.2082191780821918,11.1
1986-03-19,1.210958904109589,15.6
1986-03-20,1.2136986301369863,17.0
1986-03-21,1.2164383561643837,18.5
1986-03-22,1.2191780821917808,17.4
1986-03-23,1.2219178082191782,16.5
1986-03-24,1.2246575342465753,16.2
1986-03-25,1.2273972602739727,16.1
1986-03-26,1.2301369863013698,13.2
1986-03-27,1.2328767123287672,18.0
1986-03-28,1.2356164383561643,12.8
1986-03-29,1.2383561643835617,11.7
1986-03-30,1.2410958904109588,16.7
1986-03-31,1.2438356164383562,15.6
1986-04-01,1.2465753424657535,10.2
1986-04-02,1.2493150684931507,10.3
1986-04-03,1.252054794520548,15.0
1986-04-04,1.2547945205479452,18.0
1986-04-05,1.2575342465753425,13.8
1986-04-06,1.2602739726027397,10.5
1986-04-07,1.263013698630137,11.8
1986-04-08,1.2657534246575342,7.2
1986-04-09,1.2684931506849315,11.6
1986-04-10,1.2712328767123289,7.4
1986-04-11,1.273972602739726,14.2
1986-04-12,1.2767123287671234,12.2
1986-04-13,1.2794520547945205,9.0
1986-04-14,1.2821917808219179,12.3
1986-04-15,1.284931506849315,19.7
1986-04-16,1.2876712328767124,12.8
1986-04-17,1.2904109589041095,12.4
1986-04-18,1.2931506849315069,12.0
1986-04-19,1.295890410958904,12.0
1986-04-20,1.2986301369863014,11.1
1986-04-21,1.3013698630136987,12.7
1986-04-22,1.3041095890410959,14.2
1986-04-23,1.3068493150684932,11.6
1986-04-24,1.3095890410958904,12.0
1986-04-25,1.3123287671232877,11.5
1986-04-26,1.3150684931506849,8.3
1986-04-27,1.3178082191780822,10.5
1986-04-28,1.3205479452054794,9.0
1986-04-29,1.3232876712328767,6.9
1986-04-30,1.326027397260274,9.4
1986-05-01,1.3287671232876712,11.1
1986-05-02,1.3315068493150686,9.1
1986-05-03,1.3342465753424657,7.7
1986-05-04,1.336986301369863,10.0
1986-05-05,1.3397260273972602,10.4
1986-05-06,1.3424657534246576,8.0
1986-05-07,1.3452054794520547,9.8
1986-05-08,1.347945205479452,12.4
1986-05-09,1.3506849315068492,12.9
1986-05-10,1.3534246575342466,12.3
1986-05-11,1.356164383561644,6.9
1986-05-12,1.358904109589041,10.5
1986-05-13,1.3616438356164384,11.0
1986-05-14,1.3643835616438356,9.7
1986-05-15,1.367123287671233,11.1
1986-05-16,1.36986301369863,11.5
1986-05-17,1.3726027397260274,13.4
1986-05-18,1.3753424657534246,10.9
1986-05-19,1.378082191780822,12.0
1986-05-20,1.3808219178082193,12.1
1986-05-21,1.3835616438356164,10.4
1986-05-22,1.3863013698630138,10.0
1986-05-23,1.389041095890411,9.6
1986-05-24,1.3917808219178083,11.3
1986-05-25,1.3945205479452054,8.5
1986-05-26,1.3972602739726028,6.3
1986-05-27,1.4,8.2
1986-05-28,1.4027397260273973,10.7
1986-05-29,1.4054794520547946,10.3
1986-05-30,1.4082191780821918,9.5
1986-05-31,1.4109589041095891,10.9
1986-06-01,1.4136986301369863,10.9
1986-06-02,1.4164383561643836,4.3
1986-06-03,1.4191780821917808,5.2
1986-06-04,1.4219178082191781,11.0
1986-06-05,1.4246575342465753,11.6
1986-06-06,1.4273972602739726,10.6
1986-06-07,1.4301369863013698,9.4
1986-06-08,1.4328767123287671,10.0
1986-06-09,1.4356164383561645,9.6
1986-06-10,1.4383561643835616,9.5
1986-06-11,1.441095890410959,9.7
1986-06-12,1.4438356164383561,9.6
1986-06-13,1.4465753424657535,7.0
1986-06-14,1.4493150684931506,7.0
1986-06-15,1.452054794520548,6.8
1986-06-16,1.4547945205479451,6.9
1986-06-17,1.4575342465753425,8.0
1986-06-18,1.4602739726027398,7.6
1986-06-19,1.463013698630137,8.6
1986-06-20,1.4657534246575343,5.7
1986-06-21,1.4684931506849315,5.5
1986-06-22,1.4712328767123288,5.7
1986-06-23,1.473972602739726,5.7
1986-06-24,1.4767123287671233,6.6
1986-06-25,1.4794520547945205,6.0
1986-06-26,1.4821917808219178,6.9
1986-06-27,1.484931506849315,7.7
1986-06-28,1.4876712328767123,8.0
1986-06-29,1.4904109589041097,3.9
1986-06-30,1.4931506849315068,0.8
1986-07-01,1.4958904109589042,2.8
1986-07-02,1.4986301369863013,8.0
1986-07-03,1.5013698630136987,9.8
1986-07-04,1.5041095890410958,11.4
1986-07-05,1.5068493150684932,8.6
1986-07-06,1.5095890410958903,5.2
1986-07-07,1.5123287671232877,6.6
1986-07-08,1.515068493150685,5.7
1986-07-09,1.5178082191780822,4.6
1986-07-10,1.5205479452054795,5.8
1986-07-11,1.5232876712328767,7.0
1986-07-12,1.526027397260274,4.8
1986-07-13,1.5287671232876712,4.4
1986-07-14,1.5315068493150685,4.4
1986-07-15,1.5342465753424657,7.9
1986-07-16,1.536986301369863,10.6
1986-07-17,1.5397260273972602,5.0
1986-07-18,1.5424657534246575,7.6
1986-07-19,1.5452054794520549,9.2
1986-07-20,1.547945205479452,9.7
1986-07-21,1.5506849315068494,8.8
1986-07-22,1.5534246575342465,6.8
1986-07-23,1.5561643835616439,9.4
1986-07-24,1.558904109589041,11.0
1986-07-25,1.5616438356164384,2.5
1986-07-26,1.5643835616438355,2.1
1986-07-27,1.5671232876712329,5.4
1986-07-28,1.5698630136986302,6.2
1986-07-29,1.5726027397260274,7.8
1986-07-30,1.5753424657534247,7.4
1986-07-31,1.5780821917808219,9.3
1986-08-01,1.5808219178082192,9.3
1986-08-02,1.5835616438356164,9.5
1986-08-03,1.5863013698630137,8.5
1986-08-04,1.5890410958904109,10.0
1986-08-05,1.5917808219178082,7.7
1986-08-06,1.5945205479452054,9.3
1986-08-07,1.5972602739726027,9.1
1986-08-08,1.6,3.5
1986-08-09,1.6027397260273972,3.6
1986-08-10,1.6054794520547946,2.5
1986-08-11,1.6082191780821917,1.7
1986-08-12,1.610958904109589,2.7
1986-08-13,1.6136986301369862,2.9
1986-08-14,1.6164383561643836,5.3
1986-08-15,1.6191780821917807,7.7
1986-08-16,1.621917808219178,9.1
1986-08-17,1.6246575342465754,9.4
1986-08-18,1.6273972602739726,7.3
1986-08-19,1.63013698630137,8.4
1986-08-20,1.632876712328767,9.2
1986-08-21,1.6356164383561644,6.6
1986-08-22,1.6383561643835616,9.7
1986-08-23,1.641095890410959,12.4
1986-08-24,1.643835616438356,10.2
1986-08-25,1.6465753424657534,5.9
1986-08-26,1.6493150684931508,7.1
1986-08-27,1.652054794520548,7.5
1986-08-28,1.6547945205479453,9.7
1986-08-29,1.6575342465753424,12.2
1986-08-30,1.6602739726027398,5.6
1986-08-31,1.663013698630137,5.4
1986-09-01,1.6657534246575343,8.3
1986-09-02,1.6684931506849314,10.6
1986-09-03,1.6712328767123288,9.1
1986-09-04,1.673972602739726,11.3
1986-09-05,1.6767123287671233,10.9
1986-09-06,1.6794520547945206,8.9
1986-09-07,1.6821917808219178,6.3
1986-09-08,1.6849315068493151,9.0
1986-09-09,1.6876712328767123,6.1
1986-09-10,1.6904109589041096,9.1
1986-09-11,1.6931506849315068,9.6
1986-09-12,1.6958904109589041,6.0
1986-09-13,1.6986301369863013,10.0
1986-09-14,1.7013698630136986,11.0
1986-09-15,1.704109589041096,6.2
1986-09-16,1.7068493150684931,8.3
1986-09-17,1.7095890410958905,11.3
1986-09-18,1.7123287671232876,11.3
1986-09-19,1.715068493150685,6.7
1986-09-20,1.7178082191780821,6.6
1986-09-21,1.7205479452054795,11.4
1986-09-22,1.7232876712328766,6.9
1986-09-23,1.726027397260274,10.6
1986-09-24,1.7287671232876711,8.6
1986-09-25,1.7315068493150685,11.3
1986-09-26,1.7342465753424658,12.5
1986-09-27,1.736986301369863,9.9
1986-09-28,1.7397260273972603,6.9
1986-09-29,1.7424657534246575,5.5
1986-09-30,1.7452054794520548,7.8
1986-10-01,1.747945205479452,11.0
1986-10-02,1.7506849315068493,16.2
1986-10-03,1.7534246575342465,9.9
1986-10-04,1.7561643835616438,8.7
1986-10-05,1.7589041095890412,10.5
1986-10-06,1.7616438356164383,12.2
1986-10-07,1.7643835616438357,10.6
1986-10-08,1.7671232876712328,8.3
1986-10-09,1.7698630136986302,5.5
1986-10-10,1.7726027397260273,9.0
1986-10-11,1.7753424657534247,6.4
1986-10-12,1.7780821917808218,7.2
1986-10-13,1.7808219178082192,12.9
1986-10-14,1.7835616438356163,12.0
1986-10-15,1.7863013698630137,7.3
1986-10-16,1.789041095890411,9.7
1986-10-17,1.7917808219178082,8.4
1986-10-18,1.7945205479452055,14.7
1986-10-19,1.7972602739726027,9.5
1986-10-20,1.8,7.9
1986-10-21,1.8027397260273972,6.8
1986-10-22,1.8054794520547945,12.6
1986-10-23,1.8082191780821917,5.2
1986-10-24,1.810958904109589,7.5
1986-10-25,1.8136986301369864,8.7
1986-10-26,1.8164383561643835,7.6
1986-10-27,1.819178082191781,9.0
1986-10-28,1.821917808219178,7.2
1986-10-29,1.8246575342465754,10.7
1986-10-30,1.8273972602739725,13.1
1986-10-31,1.83013698630137,13.9
1986-11-01,1.832876712328767,10.8
1986-11-02,1.8356164383561644,10.4
1986-11-03,1.8383561643835618,9.1
1986-11-04,1.841095890410959,16.0
1986-11-05,1.8438356164383563,21.0
1986-11-06,1.8465753424657534,16.2
1986-11-07,1.8493150684931507,8.6
1986-11-08,1.8520547945205479,9.2
1986-11-09,1.8547945205479452,12.5
1986-11-10,1.8575342465753424,9.7
1986-11-11,1.8602739726027397,12.5
1986-11-12,1.8630136986301369,10.3
1986-11-13,1.8657534246575342,12.0
1986-11-14,1.8684931506849316,11.0
1986-11-15,1.8712328767123287,14.8
1986-11-16,1.873972602739726,15.0
1986-11-17,1.8767123287671232,15.3
1986-11-18,1.8794520547945206,10.3
1986-11-19,1.8821917808219177,10.7
1986-11-20,1.884931506849315,10.5
1986-11-21,1.8876712328767122,8.9
1986-11-22,1.8904109589041096,8.1
1986-11-23,1.893150684931507,11.5
1986-11-24,1.895890410958904,12.8
1986-11-25,1.8986301369863015,9.1
1986-11-26,1.9013698630136986,14.6
1986-11-27,1.904109589041096,11.6
1986-11-28,1.906849315068493,11.2
1986-11-29,1.9095890410958904,12.6
1986-11-30,1.9123287671232876,7.5
1986-12-01,1.915068493150685,11.0
1986-12-02,1.917808219178082,14.5
1986-12-03,1.9205479452054794,18.5
1986-12-04,1.9232876712328768,15.4
1986-12-05,1.926027397260274,13.1
1986-12-06,1.9287671232876713,16.3
1986-12-07,1.9315068493150684,20.2
1986-12-08,1.9342465753424658,11.5
1986-12-09,1.936986301369863,12.4
1986-12-10,1.9397260273972603,10.9
1986-12-11,1.9424657534246574,12.7
1986-12-12,1.9452054794520548,12.2
1986-12-13,1.9479452054794522,12.4
1986-12-14,1.9506849315068493,9.8
1986-12-15,1.9534246575342467,8.5
1986-12-16,1.9561643835616438,14.7
1986-12-17,1.9589041095890412,12.0
1986-12-18,1.9616438356164383,10.3
1986-12-19,1.9643835616438357,11.0
1986-12-20,1.9671232876712328,10.2
1986-12-21,1.9698630136986301,12.6
1986-12-22,1.9726027397260273,11.6
1986-12-23,1.9753424657534246,9.7
1986-12-24,1.978082191780822,13.4
1986-12-25,1.9808219178082191,10.5
1986-12-26,1.9835616438356165,14.7
1986-12-27,1.9863013698630136,14.6
1986-12-28,1.989041095890411,14.2
1986-12-29,1.9917808219178081,13.2
1986-12-30,1.9945205479452055,11.7
1986-12-31,1.9972602739726026,17.2
