user_id,item_id,rating
503,204,
795,185,
42,403,
327,740,
285,98,
279,11,
496,588,
499,266,
357,126,
932,182,
821,430,
215,256,
667,309,
0,113,
881,930,
94,384,
395,404,
681,292,
467,213,
536,425,
248,175,
177,130,
541,788,
751,688,
60,676,
196,209,
150,423,
692,289,
846,94,
333,503,
882,29,
248,49,
150,229,
845,1,
345,710,
3,269,
150,937,
541,583,
10,289,
416,418,
284,284,
902,407,
406,272,
454,196,
347,106,
895,468,
467,473,
108,177,
552,659,
275,352,
787,0,
483,649,
620,582,
552,21,
188,845,
591,461,
84,270,
771,877,
406,188,
781,257,
591,290,
565,135,
561,193,
296,96,
454,192,
327,299,
427,986,
330,733,
405,785,
150,626,
101,749,
179,152,
55,231,
567,1123,
786,244,
912,287,
553,864,
24,966,
758,589,
935,453,
503,771,
587,97,
310,49,
770,113,
151,142,
446,735,
532,818,
199,399,
565,386,
232,192,
398,1040,
346,316,
0,167,
57,509,
150,1037,
294,160,
304,790,
665,47,
673,287,
505,878,
891,80,
726,143,
898,95,
859,272,
416,382,
609,286,
916,120,
906,1117,
415,72,
877,136,
639,768,
388,132,
496,1553,
416,173,
832,261,
428,533,
534,486,
471,390,
659,1137,
279,417,
188,1019,
478,201,
221,1009,
84,480,
746,724,
478,197,
560,700,
696,234,
938,117,
757,251,
681,187,
513,23,
408,287,
672,326,
663,511,
797,354,
46,302,
271,200,
507,175,
879,139,
746,460,
591,330,
575,469,
45,49,
480,152,
405,488,
480,206,
116,929,
270,862,
451,779,
494,614,
404,21,
842,73,
808,313,
505,171,
191,946,
557,281,
896,167,
444,877,
174,627,
392,1072,
415,252,
647,192,
714,230,
762,229,
300,418,
17,390,
553,8,
514,685,
353,601,
925,267,
225,478,
210,526,
646,135,
424,1414,
891,766,
484,750,
458,284,
811,298,
773,185,
183,299,
873,746,
598,1012,
477,95,
286,344,
533,1052,
560,377,
417,331,
858,110,
390,326,
547,280,
292,378,
517,125,
285,283,
825,182,
746,7,
559,249,
127,1037,
644,746,
918,22,
663,316,
310,135,
251,123,
863,539,
15,937,
194,326,
296,750,
506,256,
794,149,
893,902,
351,566,
55,70,
148,336,
488,356,
775,605,
618,256,
588,305,
715,443,
523,659,
607,505,
157,19,
351,99,
275,195,
307,171,
746,1244,
150,257,
206,271,
169,258,
841,267,
884,449,
733,311,
129,217,
57,222,
895,273,
274,68,
114,1071,
473,296,
333,1168,
505,227,
845,39,
325,53,
298,303,
660,229,
509,242,
194,649,
285,365,
193,76,
5,88,
505,331,
180,1066,
390,496,
881,226,
866,195,
453,314,
159,78,
748,656,
692,1309,
681,53,
404,1389,
497,1005,
603,97,
371,78,
661,589,
769,473,
619,1217,
236,190,
788,1010,
106,257,
320,629,
625,680,
167,470,
663,640,
105,658,
879,946,
224,284,
6,377,
58,609,
605,240,
93,53,
275,821,
713,236,
331,274,
798,304,
878,49,
404,1572,
710,240,
590,236,
804,517,
394,185,
266,447,
373,930,
41,411,
72,586,
61,7,
229,6,
55,433,
187,99,
197,78,
89,480,
136,248,
19,251,
270,519,
310,721,
488,310,
362,697,
377,154,
351,97,
617,417,
233,1196,
307,1045,
681,1186,
195,690,
326,548,
213,1015,
839,194,
845,621,
448,1402,
885,708,
861,131,
481,313,
378,201,
626,227,
249,525,
473,1284,
405,608,
359,481,
654,972,
938,281,
895,354,
900,407,
405,673,
88,149,
545,320,
357,131,
404,365,
757,92,
337,477,
448,247,
864,499,
746,12,
378,635,
697,419,
275,1168,
737,120,
304,1102,
870,350,
416,470,
247,180,
450,885,
697,485,
292,90,
704,544,
753,254,
120,425,
235,292,
200,1135,
536,1333,
206,300,
903,760,
356,120,
540,224,
888,0,
10,745,
737,78,
803,228,
249,97,
364,107,
349,652,
144,947,
204,314,
160,99,
465,897,
411,406,
485,286,
677,330,
255,126,
451,186,
91,24,
514,257,
292,364,
24,602,
473,324,
104,331,
84,479,
183,19,
279,313,
243,171,
867,135,
879,769,
39,244,
485,474,
74,831,
642,202,
69,81,
918,332,
377,684,
320,1329,
159,626,
926,1087,
885,481,
604,676,
56,150,
94,504,
863,594,
605,425,
388,177,
143,645,
233,617,
12,261,
697,425,
752,194,
59,8,
481,326,
699,221,
108,292,
372,478,
12,49,
758,180,
670,22,
388,80,
795,212,
434,215,
773,126,
878,274,
223,467,
917,745,
449,708,
242,214,
250,292,
270,171,
452,236,
930,676,
895,0,
748,807,
921,70,
685,88,
525,49,
895,264,
250,593,
343,57,
567,770,
238,338,
481,284,
84,391,
298,317,
717,280,
544,561,
40,97,
842,70,
428,92,
524,180,
639,133,
748,22,
63,30,
748,104,
512,321,
591,195,
409,688,
388,1072,
175,268,
568,674,
500,404,
781,1526,
298,809,
566,174,
532,425,
205,1392,
295,694,
639,32,
398,139,
206,714,
683,99,
302,154,
377,51,
619,430,
93,271,
218,3,
372,267,
466,108,
141,242,
787,421,
524,595,
275,345,
363,988,
325,182,
748,835,
879,421,
920,536,
926,14,
837,142,
795,217,
659,94,
869,661,
591,188,
558,526,
437,14,
550,745,
243,308,
286,266,
190,299,
670,449,
795,1030,
890,311,
116,213,
342,37,
458,251,
614,705,
206,733,
366,184,
761,268,
326,473,
496,414,
14,929,
5,514,
200,1218,
898,472,
335,49,
144,446,
275,172,
62,589,
441,11,
585,214,
58,14,
838,1083,
532,229,
501,348,
43,21,
734,6,
638,517,
925,261,
400,564,
86,229,
827,900,
476,737,
473,131,
307,44,
432,172,
660,215,
653,737,
327,1481,
10,522,
375,236,
804,196,
931,1182,
361,334,
118,544,
759,182,
693,117,
33,310,
82,927,
88,714,
787,1476,
320,477,
447,269,
69,676,
734,99,
169,290,
181,843,
51,286,
293,1197,
47,131,
262,919,
578,49,
665,476,
446,296,
193,433,
835,601,
2,270,
294,417,
89,310,
560,196,
653,86,
15,441,
222,337,
881,264,
531,631,
427,338,
384,191,
350,284,
605,78,
379,212,
499,727,
434,1101,
537,142,
180,1350,
298,178,
842,635,
565,11,
419,115,
89,1095,
252,516,
620,690,
390,60,
464,134,
693,690,
920,86,
893,344,
703,153,
451,70,
450,259,
462,862,
847,428,
590,932,
737,355,
567,301,
127,195,
17,63,
867,81,
9,21,
64,24,
392,49,
360,650,
105,954,
274,201,
57,209,
654,237,
885,8,
326,325,
770,68,
269,705,
37,138,
560,629,
221,732,
338,477,
853,920,
659,124,
706,524,
748,278,
706,110,
220,155,
906,1045,
53,257,
356,746,
654,1309,
822,469,
842,576,
61,274,
616,55,
0,126,
825,226,
801,262,
895,215,
14,117,
180,13,
368,269,
641,34,
327,369,
193,192,
922,248,
199,6,
109,1245,
654,653,
762,194,
795,515,
446,768,
880,428,
221,280,
346,869,
144,760,
520,71,
533,595,
466,274,
233,110,
342,821,
96,207,
331,221,
331,37,
118,221,
895,548,
888,522,
587,82,
861,202,
392,1046,
113,156,
296,146,
108,1012,
776,222,
920,403,
221,770,
292,203,
775,442,
465,266,
415,694,
285,764,
454,582,
841,1103,
921,211,
268,486,
333,9,
362,564,
579,122,
214,180,
502,185,
658,180,
223,376,
829,425,
161,180,
391,587,
293,879,
464,131,
453,658,
232,201,
693,186,
454,19,
491,477,
96,194,
99,331,
404,1558,
5,482,
384,203,
101,78,
587,163,
346,99,
502,68,
209,180,
822,421,
531,617,
915,22,
557,115,
503,121,
513,525,
223,378,
879,245,
325,432,
465,91,
193,385,
344,116,
67,469,
797,480,
456,242,
665,727,
69,185,
654,26,
63,589,
558,186,
623,327,
692,506,
58,753,
850,78,
523,1164,
476,14,
38,345,
893,977,
723,326,
703,209,
893,296,
504,153,
863,469,
805,673,
706,951,
550,14,
621,991,
248,38,
814,447,
726,663,
682,338,
84,323,
344,844,
388,130,
342,162,
911,151,
206,843,
918,24,
406,192,
706,1139,
312,64,
294,963,
12,525,
532,690,
803,160,
487,198,
180,1257,
855,257,
456,233,
157,176,
664,238,
540,1033,
542,980,
12,68,
785,482,
64,8,
380,496,
298,416,
144,37,
404,767,
571,298,
630,305,
565,241,
730,191,
93,249,
830,685,
115,659,
94,189,
84,160,
462,470,
683,690,
84,191,
220,258,
5,27,
53,256,
795,99,
892,236,
647,454,
629,254,
536,212,
621,10,
641,408,
150,215,
177,991,
717,877,
652,134,
38,299,
940,0,
150,527,
652,62,
14,267,
685,526,
911,608,
455,58,
93,475,
6,26,
713,292,
302,402,
542,527,
61,1026,
879,119,
856,257,
449,694,
415,66,
177,508,
921,21,
903,298,
453,76,
560,441,
206,690,
329,81,
795,926,
133,506,
812,324,
55,110,
73,688,
183,663,
168,133,
333,638,
93,217,
873,124,
734,267,
877,59,
188,180,
607,1117,
730,193,
906,722,
536,309,
822,0,
522,165,
404,1533,
542,174,
200,821,
915,818,
328,284,
499,474,
342,202,
644,215,
475,84,
728,311,
770,171,
720,302,
434,477,
499,180,
647,512,
12,637,
906,926,
346,369,
326,227,
255,1287,
578,3,
6,214,
486,226,
459,274,
41,401,
378,160,
589,136,
623,1087,
406,586,
564,9,
697,189,
829,818,
307,289,
507,210,
415,20,
45,124,
67,403,
108,67,
284,298,
221,37,
150,612,
156,1256,
144,725,
155,8,
349,614,
600,134,
22,1002,
519,988,
129,286,
665,516,
706,862,
220,54,
500,274,
496,576,
547,676,
242,658,
300,1026,
523,434,
362,223,
428,379,
833,149,
613,277,
723,325,
616,292,
681,244,
815,292,
770,947,
345,320,
335,589,
816,926,
444,92,
450,330,
10,212,
512,761,
654,53,
386,231,
806,501,
343,1046,
629,239,
135,281,
500,683,
366,557,
286,950,
773,218,
720,870,
310,576,
425,173,
157,823,
86,998,
659,795,
773,672,
905,124,
233,835,
332,97,
400,326,
209,97,
565,172,
10,193,
883,1212,
153,472,
795,427,
314,267,
859,325,
17,171,
329,98,
434,1149,
805,78,
72,11,
550,90,
505,197,
326,197,
362,94,
753,474,
850,923,
906,286,
818,343,
614,521,
467,610,
118,124,
773,237,
888,55,
47,209,
22,218,
431,221,
177,875,
932,183,
806,93,
748,172,
310,172,
568,331,
796,325,
655,344,
177,1049,
134,800,
931,118,
683,1026,
331,209,
41,425,
437,280,
233,88,
436,160,
279,194,
143,940,
91,498,
430,746,
416,553,
449,232,
647,233,
529,254,
456,238,
834,204,
84,195,
248,68,
787,442,
746,237,
41,454,
218,1012,
845,62,
377,282,
804,143,
143,247,
450,881,
193,496,
876,300,
375,319,
183,257,
140,676,
393,171,
41,86,
471,371,
268,391,
255,550,
708,559,
333,864,
177,94,
914,689,
362,170,
494,575,
642,570,
891,493,
169,982,
360,274,
68,235,
621,1077,
221,420,
464,476,
619,442,
22,516,
373,401,
447,317,
757,714,
9,478,
94,471,
932,10,
866,30,
162,257,
104,749,
315,222,
186,51,
797,994,
297,87,
572,126,
649,481,
12,685,
262,270,
245,184,
832,519,
678,566,
4,175,
209,954,
344,720,
188,185,
444,149,
513,529,
408,472,
636,542,
404,446,
795,878,
75,1004,
37,407,
496,650,
685,180,
770,97,
649,703,
108,470,
709,49,
547,270,
703,352,
404,45,
93,763,
256,947,
757,808,
404,395,
362,71,
876,737,
96,429,
174,417,
15,171,
446,291,
866,655,
157,568,
401,18,
55,676,
392,777,
697,417,
806,594,
547,2,
926,153,
13,760,
888,163,
346,593,
160,209,
233,1048,
12,483,
405,496,
888,123,
177,718,
373,192,
654,3,
215,236,
398,99,
566,95,
566,502,
12,262,
934,117,
268,657,
718,740,
267,580,
471,1072,
127,727,
832,29,
406,153,
416,1181,
710,131,
269,52,
290,201,
503,24,
172,327,
880,676,
384,291,
706,92,
397,202,
885,397,
561,355,
295,180,
449,446,
880,254,
314,303,
711,942,
681,234,
434,750,
346,248,
654,1504,
850,16,
612,193,
434,463,
150,1099,
499,244,
822,271,
177,126,
733,161,
539,403,
314,229,
373,276,
344,171,
475,397,
885,1229,
103,352,
292,48,
333,228,
632,869,
523,181,
220,1008,
789,12,
391,509,
587,1409,
93,38,
691,1045,
98,237,
397,180,
792,180,
780,134,
654,257,
384,237,
582,274,
503,116,
504,417,
16,236,
599,182,
475,779,
663,478,
862,746,
523,208,
659,313,
448,746,
789,400,
526,954,
654,779,
905,742,
386,397,
823,987,
28,268,
863,57,
658,481,
477,1039,
549,890,
278,61,
523,495,
4,410,
380,190,
50,172,
436,519,
283,901,
496,144,
654,268,
94,180,
804,104,
789,172,
654,1477,
536,642,
762,236,
527,180,
921,150,
720,266,
449,481,
127,391,
434,407,
648,0,
733,477,
397,428,
803,445,
292,499,
675,326,
118,53,
830,143,
661,99,
789,1130,
888,82,
365,756,
459,320,
41,460,
629,893,
185,279,
241,304,
117,209,
306,1026,
813,442,
338,11,
895,1110,
804,932,
6,292,
619,740,
55,163,
236,496,
711,621,
12,99,
605,383,
669,478,
730,484,
449,898,
621,160,
393,447,
652,421,
61,163,
514,342,
101,49,
88,275,
547,254,
842,390,
310,53,
144,765,
845,371,
920,690,
429,525,
90,649,
61,745,
8,200,
20,559,
726,800,
781,126,
342,506,
822,63,
317,657,
810,302,
398,548,
581,180,
765,949,
116,236,
434,720,
17,605,
829,201,
416,65,
633,506,
307,376,
795,793,
560,642,
934,844,
342,658,
193,1204,
390,190,
847,586,
565,703,
7,429,
835,521,
10,524,
98,21,
585,95,
503,412,
168,536,
899,120,
883,919,
255,1039,
392,24,
578,431,
478,487,
120,715,
109,1186,
753,242,
55,153,
650,688,
326,160,
746,427,
275,941,
906,469,
640,197,
415,85,
516,746,
813,97,
487,320,
937,116,
933,961,
285,813,
338,144,
297,133,
314,739,
326,203,
785,469,
536,525,
850,336,
602,171,
654,221,
294,88,
550,1134,
806,1442,
384,426,
63,474,
238,1113,
675,893,
435,745,
348,1126,
921,227,
937,674,
662,244,
320,60,
213,7,
218,880,
825,101,
693,298,
378,647,
617,594,
529,180,
302,777,
473,669,
455,473,
850,1673,
496,942,
457,173,
223,282,
531,1298,
373,821,
157,171,
631,586,
534,38,
278,15,
638,164,
628,195,
560,492,
550,1077,
320,211,
536,80,
145,284,
795,1010,
152,320,
605,86,
274,518,
784,659,
63,729,
17,507,
658,72,
513,177,
490,115,
909,749,
225,23,
42,50,
106,321,
129,411,
770,401,
714,469,
294,108,
505,514,
547,458,
740,288,
895,152,
879,732,
930,544,
410,78,
454,23,
783,269,
746,230,
536,89,
298,471,
841,268,
379,284,
663,30,
917,643,
522,8,
609,350,
310,204,
268,637,
580,917,
193,120,
877,171,
41,677,
915,88,
669,657,
857,332,
869,179,
715,47,
236,472,
838,506,
673,116,
682,680,
592,629,
652,393,
405,156,
289,116,
499,44,
2,315,
22,470,
129,690,
642,151,
93,201,
765,482,
861,98,
714,89,
268,819,
849,70,
20,974,
53,274,
665,428,
859,947,
667,267,
366,4,
345,63,
846,92,
267,708,
329,737,
369,97,
668,245,
909,843,
547,338,
239,871,
832,127,
285,525,
428,273,
680,1174,
307,138,
720,215,
838,453,
874,44,
129,93,
814,152,
781,1252,
681,1435,
42,1053,
377,574,
693,417,
220,467,
565,409,
531,69,
56,242,
342,1006,
362,79,
526,18,
609,186,
659,1238,
11,171,
598,680,
290,218,
46,284,
168,604,
931,677,
388,1449,
712,340,
304,467,
733,496,
449,587,
17,486,
871,923,
628,330,
830,739,
867,707,
805,1,
649,292,
937,24,
812,292,
292,516,
869,195,
10,447,
801,233,
503,138,
298,605,
323,1092,
746,1132,
291,55,
144,1009,
877,648,
327,67,
371,324,
147,1147,
787,653,
242,92,
5,80,
378,292,
677,274,
797,80,
831,259,
428,671,
307,631,
338,123,
503,400,
150,433,
0,1,
261,1011,
118,1099,
718,316,
895,227,
630,313,
748,97,
513,273,
194,505,
267,177,
863,65,
797,1181,
804,179,
397,967,
930,284,
200,401,
269,221,
320,483,
103,893,
824,11,
591,124,
937,224,
115,331,
232,215,
845,492,
262,133,
372,315,
641,258,
617,196,
183,284,
748,244,
168,441,
58,1108,
411,632,
441,941,
652,54,
262,236,
762,237,
343,267,
621,551,
819,314,
258,64,
503,544,
785,233,
0,111,
763,116,
143,8,
757,209,
918,15,
881,494,
785,110,
367,445,
449,1433,
179,316,
392,87,
495,182,
547,14,
300,249,
12,689,
592,181,
820,212,
19,403,
756,929,
279,87,
752,68,
456,725,
696,326,
58,760,
315,68,
794,172,
12,686,
523,523,
710,730,
435,1026,
314,301,
560,682,
763,1055,
296,117,
306,227,
652,236,
454,714,
941,96,
89,460,
695,313,
708,249,
157,3,
206,746,
431,469,
408,616,
80,115,
935,8,
715,142,
538,241,
84,462,
595,321,
176,222,
134,97,
384,504,
191,474,
654,277,
889,193,
638,1099,
421,473,
307,65,
444,431,
343,365,
4,369,
298,379,
125,265,
61,700,
349,175,
112,977,
340,870,
935,1373,
19,175,
483,232,
412,299,
12,216,
703,430,
449,715,
212,6,
88,110,
680,680,
710,483,
305,24,
882,38,
785,142,
15,14,
292,718,
404,349,
870,335,
420,912,
662,676,
220,217,
513,645,
895,382,
629,251,
911,609,
907,263,
159,691,
160,284,
833,513,
276,282,
884,737,
351,209,
805,180,
891,576,
47,321,
746,474,
130,273,
791,274,
185,105,
278,23,
9,84,
842,414,
639,46,
716,236,
302,1222,
339,400,
775,186,
317,1012,
380,132,
931,6,
750,397,
416,760,
333,838,
594,221,
138,674,
177,744,
233,258,
112,506,
542,96,
576,110,
12,337,
850,749,
693,195,
263,743,
235,14,
137,316,
570,180,
714,924,
455,953,
6,76,
932,473,
740,55,
706,162,
59,1019,
1,272,
846,237,
789,14,
284,453,
668,117,
424,249,
938,888,
115,912,
696,1057,
868,99,
540,499,
392,4,
449,835,
307,492,
300,76,
319,147,
329,204,
379,257,
59,161,
150,136,
129,6,
912,473,
173,284,
416,249,
794,708,
204,287,
620,62,
318,348,
664,184,
21,167,
333,69,
369,182,
185,320,
756,740,
669,509,
325,425,
404,1229,
795,268,
23,740,
82,233,
748,429,
509,1023,
89,9,
515,355,
63,401,
849,173,
20,987,
628,190,
415,983,
845,784,
605,727,
570,190,
898,749,
917,44,
93,76,
109,1204,
187,682,
502,742,
628,222,
706,705,
409,311,
387,110,
289,823,
18,209,
586,270,
536,920,
264,116,
13,426,
884,98,
733,96,
812,340,
62,1005,
525,283,
144,730,
317,794,
378,383,
378,226,
576,215,
372,1228,
75,291,
698,928,
847,640,
785,126,
692,579,
483,28,
750,171,
568,13,
292,433,
549,680,
845,729,
724,8,
710,1012,
278,175,
150,82,
434,176,
797,104,
654,44,
402,286,
384,602,
502,690,
746,286,
444,478,
473,173,
485,99,
560,637,
465,313,
542,1071,
294,67,
24,49,
698,617,
59,182,
270,441,
898,566,
434,166,
726,421,
795,538,
875,292,
390,58,
499,409,
233,639,
392,687,
48,460,
715,659,
706,220,
654,37,
496,98,
82,21,
57,489,
278,292,
253,267,
141,360,
436,423,
588,311,
488,748,
307,53,
654,251,
362,205,
114,967,
681,209,
275,266,
242,512,
243,27,
179,67,
157,226,
505,508,
620,117,
49,317,
314,1063,
626,697,
746,500,
93,408,
498,537,
455,78,
879,53,
6,190,
300,162,
795,626,
341,88,
710,421,
48,1,
906,96,
576,564,
634,261,
58,620,
230,311,
707,455,
915,746,
290,831,
409,884,
150,753,
173,123,
881,185,
426,686,
711,82,
703,186,
199,460,
101,383,
128,244,
406,476,
491,649,
373,617,
496,174,
405,660,
602,417,
525,506,
663,185,
520,403,
910,402,
367,217,
307,609,
685,97,
373,219,
343,244,
373,525,
846,1048,
559,843,
614,355,
282,292,
252,174,
135,55,
891,949,
114,182,
206,536,
396,746,
12,70,
585,21,
58,10,
341,173,
575,273,
560,9,
795,663,
471,557,
587,939,
874,97,
529,236,
495,1399,
932,391,
503,1134,
129,566,
101,430,
879,217,
434,238,
214,550,
531,533,
435,466,
444,256,
276,589,
310,485,
93,70,
709,266,
276,0,
374,1215,
267,1220,
542,1617,
93,326,
289,403,
446,30,
888,189,
197,746,
731,319,
918,475,
366,758,
151,68,
723,266,
205,889,
496,143,
150,180,
513,227,
253,384,
847,88,
623,1065,
63,159,
345,76,
221,939,
652,365,
508,292,
832,183,
193,501,
403,746,
829,175,
902,6,
394,922,
243,65,
17,433,
708,574,
654,867,
605,331,
750,178,
837,11,
392,203,
172,259,
863,84,
384,403,
233,690,
25,292,
654,293,
880,95,
715,428,
915,218,
415,893,
91,230,
260,1235,
478,121,
903,276,
408,203,
629,618,
584,19,
499,195,
177,86,
670,203,
436,391,
120,426,
306,417,
359,324,
537,99,
315,519,
436,653,
129,937,
825,623,
343,288,
837,748,
177,722,
448,243,
267,1096,
249,116,
535,387,
333,174,
176,97,
806,131,
0,87,
180,1282,
372,682,
636,126,
529,63,
377,557,
828,316,
744,283,
404,148,
466,296,
128,325,
621,141,
344,864,
298,515,
43,383,
737,94,
288,361,
42,589,
12,407,
641,87,
605,63,
560,204,
62,110,
846,141,
424,270,
42,139,
118,299,
620,66,
502,275,
324,401,
289,96,
933,1133,
824,1011,
285,211,
451,135,
307,647,
285,82,
275,1265,
923,1034,
732,15,
234,921,
449,517,
730,318,
458,1014,
440,536,
841,270,
674,648,
15,88,
877,921,
210,301,
670,595,
87,879,
335,403,
313,245,
19,185,
362,944,
200,823,
654,415,
681,126,
915,110,
229,1190,
315,425,
599,160,
336,518,
886,221,
882,227,
333,460,
15,157,
915,591,
328,298,
307,613,
22,917,
927,245,
270,1131,
827,1003,
386,676,
291,6,
733,421,
362,573,
665,174,
513,182,
594,458,
668,519,
891,117,
144,729,
193,658,
398,708,
493,746,
852,292,
726,234,
300,214,
720,433,
617,94,
536,580,
344,1021,
118,110,
325,199,
72,892,
391,1224,
61,510,
726,758,
665,153,
756,67,
37,914,
734,122,
446,226,
206,519,
342,332,
544,87,
246,734,
664,199,
617,1,
844,338,
404,65,
897,746,
566,1129,
826,244,
250,466,
606,237,
882,1225,
233,15,
82,404,
720,7,
152,49,
464,473,
404,700,
548,126,
58,711,
621,843,
326,556,
402,147,
35,880,
621,1147,
189,117,
822,500,
441,209,
221,90,
159,842,
245,200,
362,163,
356,409,
61,248,
542,698,
652,95,
404,126,
639,367,
716,469,
706,646,
15,284,
400,482,
794,552,
479,171,
591,703,
449,1114,
58,284,
798,44,
487,507,
296,421,
271,11,
312,613,
193,159,
654,1376,
144,149,
457,748,
340,874,
404,76,
372,101,
895,672,
329,281,
338,239,
444,300,
405,1019,
885,234,
274,163,
416,254,
523,492,
565,95,
497,202,
587,393,
424,341,
822,91,
392,190,
306,61,
654,829,
765,70,
429,1005,
781,530,
628,267,
746,459,
94,67,
531,311,
664,155,
333,178,
942,403,
362,569,
283,752,
537,954,
108,371,
346,315,
108,808,
748,1226,
649,172,
194,1313,
624,199,
404,438,
325,209,
486,1242,
876,746,
496,117,
275,1029,
789,366,
89,32,
255,720,
624,514,
41,272,
101,120,
69,1063,
500,6,
548,224,
908,337,
929,688,
175,270,
175,874,
922,926,
160,117,
129,158,
6,508,
703,300,
82,869,
531,1238,
393,670,
25,813,
451,316,
902,818,
393,311,
312,967,
335,1116,
228,270,
416,166,
278,164,
797,1064,
202,257,
69,68,
680,536,
180,1286,
377,1145,
571,123,
222,409,
455,430,
118,24,
535,425,
175,245,
494,185,
454,279,
726,383,
75,136,
714,939,
640,482,
497,217,
498,603,
12,574,
422,124,
101,320,
243,214,
404,733,
157,207,
889,233,
867,6,
869,51,
206,578,
264,239,
525,676,
7,334,
715,412,
446,542,
513,47,
129,83,
654,1598,
515,193,
320,631,
317,603,
450,685,
503,140,
292,566,
918,182,
329,79,
144,676,
152,355,
305,110,
281,325,
576,423,
124,72,
589,1007,
10,258,
495,52,
144,341,
25,758,
909,330,
88,180,
560,201,
773,806,
295,270,
166,231,
392,53,
274,418,
867,468,
180,754,
405,428,
37,286,
496,649,
756,16,
793,934,
345,539,
360,449,
933,155,
293,280,
180,224,
273,274,
729,120,
663,159,
183,216,
777,548,
618,28,
882,1019,
386,247,
904,317,
295,149,
681,730,
17,24,
542,700,
279,203,
143,88,
37,324,
763,0,
520,473,
233,684,
884,594,
612,601,
408,1097,
566,525,
293,838,
424,4,
94,96,
261,64,
787,329,
549,875,
166,236,
23,286,
801,446,
374,768,
263,237,
496,96,
726,23,
505,229,
0,138,
63,1063,
187,258,
703,302,
243,594,
838,331,
404,1556,
746,314,
12,260,
312,221,
151,124,
560,471,
253,258,
94,648,
444,78,
103,1010,
238,921,
287,591,
897,345,
485,1373,
879,146,
436,415,
389,843,
789,746,
448,271,
748,659,
533,234,
619,298,
197,298,
831,242,
681,55,
93,1056,
277,309,
127,76,
428,761,
12,303,
638,196,
127,70,
415,55,
485,330,
411,682,
675,686,
471,23,
842,524,
439,935,
118,542,
596,273,
200,257,
915,504,
251,738,
278,197,
774,898,
22,229,
322,198,
746,586,
832,1229,
428,354,
762,728,
129,146,
703,887,
897,687,
96,1124,
832,587,
232,7,
40,355,
913,311,
14,276,
81,768,
59,63,
594,920,
915,929,
267,95,
901,133,
520,12,
401,408,
576,87,
799,749,
285,346,
124,1035,
748,539,
828,703,
529,182,
275,385,
590,426,
275,353,
409,896,
614,86,
520,831,
408,365,
290,842,
344,459,
327,182,
622,281,
657,722,
437,278,
396,57,
824,922,
61,110,
746,465,
448,1071,
41,174,
898,167,
689,157,
740,273,
931,210,
532,290,
865,241,
670,88,
140,595,
372,94,
830,172,
495,424,
415,49,
121,508,
233,1098,
746,151,
84,236,
254,563,
64,237,
605,923,
876,184,
736,126,
416,756,
550,626,
338,520,
757,237,
377,794,
657,941,
335,104,
200,511,
408,852,
250,296,
42,471,
144,570,
43,190,
372,744,
737,453,
464,833,
74,113,
931,446,
838,180,
372,727,
765,496,
291,917,
458,1188,
863,1107,
619,259,
838,823,
98,431,
385,403,
290,464,
325,561,
432,472,
874,921,
672,894,
654,313,
403,899,
853,21,
279,365,
483,236,
108,10,
435,431,
862,346,
751,903,
560,52,
704,552,
708,173,
787,529,
922,49,
938,687,
665,196,
714,753,
58,483,
454,158,
931,527,
920,227,
434,116,
292,158,
803,622,
625,325,
863,127,
192,126,
360,96,
6,573,
929,1008,
653,153,
384,1533,
151,502,
527,249,
172,261,
705,754,
757,10,
263,292,
594,1057,
325,699,
248,187,
246,180,
654,1401,
406,654,
215,529,
685,21,
428,189,
842,496,
654,317,
82,793,
649,417,
706,1279,
896,483,
398,658,
656,280,
526,63,
428,1222,
715,385,
233,564,
267,15,
789,824,
746,174,
449,480,
882,701,
221,55,
496,110,
293,750,
891,21,
542,682,
847,165,
43,658,
740,564,
449,867,
797,959,
879,683,
732,123,
0,39,
344,566,
505,28,
404,306,
87,319,
198,320,
775,218,
400,526,
82,120,
692,176,
307,581,
116,975,
847,71,
532,179,
8,6,
232,612,
303,680,
215,1065,
478,178,
926,37,
341,1313,
333,335,
157,1009,
155,186,
486,271,
248,544,
116,280,
183,566,
814,481,
279,201,
253,653,
390,132,
456,756,
789,226,
614,884,
41,421,
441,128,
732,818,
522,406,
486,770,
834,586,
118,338,
893,1003,
891,30,
384,523,
624,421,
550,308,
315,287,
441,76,
404,951,
134,564,
787,171,
452,788,
428,206,
188,511,
338,512,
17,600,
227,55,
180,950,
292,121,
240,284,
194,142,
5,524,
682,320,
163,251,
449,1042,
636,593,
542,640,
495,87,
387,4,
504,524,
576,726,
531,1037,
90,472,
891,429,
879,99,
114,3,
267,153,
668,78,
400,582,
840,304,
278,172,
794,94,
64,87,
618,683,
845,1528,
434,233,
458,674,
785,0,
918,244,
616,450,
183,509,
883,211,
398,42,
891,495,
789,160,
233,281,
261,1033,
255,55,
179,172,
740,180,
824,1032,
459,300,
129,754,
847,1124,
804,16,
893,341,
748,877,
231,116,
37,217,
875,186,
235,430,
258,14,
485,1596,
795,432,
217,264,
415,605,
5,511,
935,283,
373,683,
93,535,
709,99,
325,88,
294,46,
893,56,
400,355,
716,453,
157,78,
649,134,
652,257,
157,234,
762,69,
787,407,
518,680,
325,232,
649,602,
653,82,
460,157,
27,284,
177,243,
638,507,
404,1517,
750,61,
730,182,
671,299,
455,91,
536,731,
377,627,
642,245,
698,150,
468,482,
452,142,
706,418,
115,273,
863,1282,
880,70,
404,1403,
159,506,
91,617,
434,758,
373,308,
326,648,
261,484,
206,412,
235,474,
271,467,
531,95,
845,89,
612,476,
710,213,
869,1110,
188,1018,
533,288,
57,1098,
558,309,
84,500,
740,476,
665,527,
616,97,
93,798,
746,123,
852,676,
647,677,
95,199,
222,824,
834,589,
362,221,
59,94,
393,68,
296,99,
921,14,
3,352,
576,730,
923,113,
327,637,
393,1077,
478,263,
211,513,
454,403,
338,481,
304,472,
7,126,
84,700,
654,842,
496,653,
12,144,
822,21,
139,302,
12,807,
221,1042,
269,216,
698,269,
566,38,
653,238,
737,171,
631,172,
320,460,
550,236,
221,99,
898,237,
641,421,
837,352,
617,81,
626,634,
626,626,
415,1137,
594,544,
473,640,
931,548,
759,839,
331,53,
591,680,
404,445,
312,95,
825,1229,
81,86,
235,1326,
180,221,
576,469,
536,178,
531,267,
434,183,
290,561,
932,153,
469,845,
942,754,
307,1138,
659,364,
453,502,
404,1407,
797,110,
384,249,
17,647,
684,870,
301,307,
311,171,
803,48,
185,552,
839,657,
296,472,
483,215,
560,486,
503,1044,
915,65,
17,210,
804,41,
427,894,
291,248,
715,180,
197,233,
43,171,
291,703,
132,747,
892,409,
331,147,
659,823,
108,400,
591,156,
137,44,
362,790,
838,864,
483,182,
899,1296,
406,126,
326,1067,
488,358,
68,319,
404,1549,
332,179,
895,1620,
941,494,
133,321,
353,492,
198,311,
147,172,
681,237,
270,115,
267,323,
494,154,
492,481,
124,483,
806,414,
61,557,
818,860,
928,173,
363,873,
565,691,
473,283,
377,194,
310,193,
345,421,
866,257,
377,1219,
710,343,
196,806,
513,201,
173,393,
270,136,
866,586,
386,494,
24,257,
920,150,
377,105,
439,1589,
377,1045,
269,813,
803,163,
931,484,
454,229,
681,431,
722,149,
254,257,
877,70,
598,278,
791,12,
362,226,
882,750,
84,189,
386,78,
896,193,
532,195,
794,475,
889,203,
880,847,
267,715,
726,93,
529,155,
404,712,
362,313,
576,109,
277,601,
393,737,
325,652,
12,899,
326,153,
676,740,
150,130,
404,214,
746,303,
406,243,
369,521,
221,867,
486,1186,
882,250,
463,331,
707,871,
553,580,
639,13,
302,690,
658,497,
333,472,
713,595,
917,493,
481,244,
297,316,
623,1057,
342,727,
931,228,
74,595,
441,229,
221,1334,
931,192,
544,173,
323,408,
579,286,
72,245,
343,476,
907,523,
398,631,
406,249,
192,691,
882,126,
791,146,
727,14,
72,47,
804,149,
82,860,
924,814,
621,403,
398,117,
114,315,
118,1260,
55,944,
665,247,
587,957,
755,158,
513,292,
239,338,
250,247,
382,511,
649,150,
215,63,
53,1010,
9,365,
492,191,
86,720,
616,672,
59,140,
831,321,
258,209,
292,249,
404,1017,
473,994,
681,942,
473,281,
415,241,
183,385,
98,869,
307,88,
404,810,
540,697,
762,96,
765,603,
646,296,
451,861,
579,327,
347,817,
889,257,
452,143,
776,521,
852,875,
331,1026,
379,472,
329,291,
600,180,
296,123,
298,66,
792,126,
450,324,
644,425,
84,55,
450,326,
21,95,
822,182,
93,403,
911,355,
768,117,
144,267,
342,331,
252,431,
861,557,
889,1063,
478,378,
726,99,
200,1423,
388,495,
882,803,
520,518,
206,81,
804,286,
317,374,
416,640,
264,244,
687,752,
118,821,
231,529,
129,127,
551,740,
404,523,
543,298,
860,379,
838,290,
444,1185,
89,498,
302,1213,
118,171,
707,272,
457,1336,
302,1256,
342,508,
294,419,
773,442,
226,243,
649,526,
895,750,
465,322,
861,68,
862,883,
503,199,
57,133,
180,923,
827,320,
565,264,
266,383,
612,11,
102,120,
496,808,
270,187,
863,589,
392,342,
450,303,
839,197,
570,46,
543,268,
25,1014,
312,140,
910,645,
366,218,
354,269,
0,270,
21,67,
617,195,
806,628,
46,301,
654,700,
424,286,
628,324,
312,209,
193,287,
622,201,
877,69,
302,90,
918,20,
662,292,
221,929,
536,472,
775,557,
884,547,
447,301,
311,264,
89,208,
362,447,
108,276,
449,721,
257,871,
920,932,
866,181,
434,63,
196,342,
93,653,
129,567,
214,179,
536,415,
144,120,
150,607,
515,429,
143,959,
65,116,
444,1008,
305,317,
398,79,
885,175,
768,221,
197,97,
312,496,
397,508,
572,505,
485,740,
206,409,
344,449,
652,682,
660,180,
699,168,
453,603,
20,297,
803,232,
93,200,
552,110,
923,1147,
179,120,
236,182,
595,292,
416,561,
285,355,
523,71,
283,904,
176,506,
895,576,
380,301,
573,330,
293,297,
341,196,
393,131,
748,483,
448,85,
540,425,
618,718,
121,421,
146,902,
353,1135,
129,1246,
183,496,
140,292,
888,401,
882,97,
200,50,
933,655,
365,635,
183,315,
427,536,
773,408,
590,281,
229,10,
187,626,
863,559,
313,538,
793,115,
322,617,
342,55,
748,152,
345,737,
262,463,
471,6,
527,1616,
838,324,
238,241,
189,257,
136,221,
302,237,
43,236,
526,98,
827,189,
710,199,
723,284,
344,947,
503,497,
278,130,
742,324,
506,1014,
263,1068,
895,11,
550,23,
381,196,
732,711,
605,147,
620,382,
828,9,
931,8,
261,146,
413,431,
664,280,
787,580,
523,391,
326,187,
495,10,
496,382,
143,271,
663,195,
333,254,
311,56,
486,3,
292,586,
896,140,
120,296,
55,89,
119,251,
446,276,
14,683,
775,192,
582,194,
902,1071,
888,428,
129,1205,
0,220,
233,169,
115,198,
129,27,
89,648,
349,587,
681,1014,
287,513,
290,1242,
822,159,
600,741,
392,50,
94,1016,
499,68,
20,767,
863,991,
311,180,
789,559,
617,185,
327,257,
235,1100,
720,982,
100,839,
591,148,
659,384,
536,376,
373,777,
263,1223,
579,1012,
63,126,
185,586,
550,263,
267,1116,
5,501,
221,16,
84,387,
391,113,
526,184,
832,401,
765,575,
248,201,
792,291,
158,746,
632,524,
138,738,
168,299,
737,267,
726,824,
395,972,
325,316,
748,134,
803,520,
607,515,
434,576,
488,349,
199,371,
232,504,
33,292,
579,1026,
263,218,
216,298,
457,1046,
485,250,
448,556,
232,490,
432,58,
4,210,
343,694,
61,21,
433,972,
769,257,
596,292,
560,202,
609,202,
665,65,
69,205,
183,645,
891,156,
17,521,
333,90,
692,6,
842,411,
173,1311,
847,150,
715,626,
550,749,
531,180,
420,78,
658,76,
12,208,
866,526,
825,95,
317,1030,
499,520,
903,65,
935,274,
901,227,
300,141,
415,722,
888,613,
202,23,
502,85,
143,688,
209,234,
599,267,
467,99,
604,1038,
560,198,
621,539,
456,355,
216,67,
670,194,
35,876,
920,1285,
428,638,
814,400,
638,649,
268,443,
378,574,
235,210,
436,228,
626,397,
42,72,
724,180,
12,0,
633,236,
779,489,
863,417,
665,694,
74,1150,
932,581,
298,913,
867,744,
173,1026,
285,535,
710,1116,
279,1049,
855,676,
242,456,
339,178,
404,464,
180,422,
541,506,
681,95,
279,244,
441,271,
255,280,
40,1037,
551,986,
436,461,
95,97,
488,299,
498,482,
200,63,
704,847,
89,142,
114,642,
12,44,
757,529,
533,475,
180,740,
478,1026,
124,338,
180,946,
144,787,
550,671,
891,124,
540,142,
392,140,
880,740,
714,478,
90,182,
59,733,
89,207,
55,1045,
542,3,
750,51,
12,829,
565,7,
185,593,
544,78,
274,433,
547,268,
561,81,
639,95,
638,198,
832,408,
755,1029,
424,1462,
64,509,
757,226,
294,237,
253,439,
199,769,
110,241,
420,212,
475,736,
566,256,
467,194,
90,81,
652,167,
42,1021,
218,877,
381,544,
505,492,
803,829,
779,163,
637,88,
17,400,
871,746,
8,369,
302,45,
278,289,
41,951,
458,99,
384,248,
123,27,
45,326,
498,512,
373,97,
307,846,
804,271,
225,179,
292,286,
885,231,
214,22,
565,393,
330,46,
84,227,
1,306,
150,476,
310,713,
921,67,
19,586,
874,7,
58,134,
17,964,
365,218,
881,209,
434,677,
6,283,
449,790,
770,594,
789,72,
592,24,
499,1055,
930,295,
886,758,
175,266,
311,136,
775,588,
746,502,
546,300,
795,154,
17,428,
471,1009,
654,751,
377,93,
122,478,
663,431,
620,71,
183,408,
57,739,
806,1082,
505,257,
499,658,
362,231,
748,88,
314,97,
79,44,
526,477,
642,239,
924,323,
621,227,
108,518,
393,0,
344,363,
330,284,
901,481,
333,1239,
448,197,
42,234,
61,6,
553,97,
300,564,
652,379,
871,683,
606,483,
748,120,
408,464,
230,595,
154,329,
909,280,
4,399,
449,76,
391,97,
63,78,
552,49,
697,227,
793,49,
879,793,
392,201,
441,218,
404,732,
830,299,
570,123,
795,448,
415,953,
250,518,
532,566,
212,292,
192,28,
180,1082,
757,185,
351,182,
129,333,
209,48,
37,450,
434,44,
715,483,
855,686,
750,749,
150,1063,
238,184,
289,179,
118,1242,
643,986,
647,234,
48,544,
832,634,
298,745,
408,604,
140,982,
891,835,
108,926,
341,236,
242,509,
117,472,
710,419,
604,519,
11,752,
513,171,
404,1562,
298,1505,
531,37,
6,138,
848,286,
183,1295,
86,221,
388,492,
262,600,
144,1214,
465,78,
180,23,
144,55,
123,208,
344,1279,
52,198,
129,798,
665,121,
86,380,
80,24,
10,657,
541,742,
398,354,
932,229,
613,13,
879,1186,
536,1023,
566,629,
193,96,
503,844,
523,403,
867,120,
150,640,
553,280,
931,439,
523,11,
497,178,
2,350,
654,1051,
803,1168,
59,81,
641,88,
311,233,
599,176,
226,458,
572,274,
232,134,
61,61,
539,1224,
901,257,
48,158,
559,595,
715,130,
616,529,
90,518,
599,429,
617,89,
638,700,
937,180,
536,214,
353,164,
933,1035,
617,419,
94,50,
404,944,
541,171,
290,1065,
926,1227,
99,308,
533,368,
343,273,
333,11,
344,147,
804,418,
455,199,
150,446,
353,270,
633,1282,
262,116,
536,390,
539,453,
888,249,
455,706,
892,150,
108,171,
157,481,
61,292,
505,69,
379,199,
278,113,
543,330,
714,91,
757,285,
629,249,
814,101,
372,1131,
912,167,
523,700,
536,579,
681,160,
325,55,
342,423,
486,595,
565,169,
458,147,
193,1408,
377,66,
14,752,
462,247,
459,286,
404,71,
434,565,
386,205,
855,287,
631,843,
158,1046,
10,27,
806,526,
98,740,
448,266,
187,508,
86,176,
781,1239,
484,324,
76,90,
358,245,
72,128,
416,513,
607,237,
757,887,
646,173,
166,125,
669,95,
497,261,
292,163,
267,6,
61,216,
851,683,
27,200,
10,236,
404,650,
115,300,
436,4,
658,441,
757,818,
716,320,
412,506,
173,1039,
94,139,
488,300,
462,19,
730,432,
753,742,
221,466,
9,601,
701,228,
435,984,
453,495,
206,185,
659,97,
863,96,
637,3,
591,700,
804,127,
357,113,
825,1,
253,1468,
331,293,
558,209,
396,473,
193,564,
166,696,
407,749,
587,324,
762,12,
532,191,
499,7,
406,406,
658,190,
410,208,
613,116,
905,989,
596,934,
129,441,
692,129,
550,349,
688,746,
405,207,
12,232,
428,1110,
614,189,
157,123,
668,473,
879,208,
91,10,
331,429,
787,64,
785,187,
714,547,
496,2,
775,586,
276,99,
97,46,
915,753,
787,496,
372,469,
198,1352,
326,254,
692,8,
105,99,
676,0,
839,196,
405,713,
288,221,
175,338,
372,412,
411,168,
479,113,
388,171,
243,744,
435,263,
105,826,
391,168,
71,117,
87,884,
430,687,
714,468,
269,1005,
451,75,
486,746,
448,60,
144,857,
613,254,
585,218,
896,1026,
17,190,
414,321,
938,1049,
536,564,
893,11,
253,68,
472,319,
888,301,
291,601,
234,690,
547,1242,
716,749,
12,841,
6,227,
714,1014,
63,82,
397,86,
523,194,
427,292,
221,279,
226,293,
275,991,
84,326,
471,1033,
148,261,
706,690,
105,737,
487,603,
715,834,
629,70,
860,287,
373,202,
395,116,
778,6,
441,143,
757,900,
576,172,
434,48,
661,9,
384,284,
202,99,
520,215,
404,377,
475,172,
177,506,
534,643,
326,8,
325,441,
140,251,
874,499,
763,251,
654,792,
746,1454,
765,637,
617,697,
506,321,
12,894,
196,878,
893,1590,
665,120,
279,141,
298,193,
405,599,
331,8,
444,827,
384,522,
346,322,
928,472,
307,58,
188,509,
115,10,
710,216,
447,336,
177,453,
105,690,
563,300,
215,695,
918,87,
221,1177,
441,54,
17,919,
379,650,
587,70,
446,27,
662,179,
450,290,
655,901,
396,511,
143,172,
853,711,
344,441,
10,226,
200,842,
253,61,
317,379,
690,204,
803,1176,
200,195,
517,1009,
609,161,
639,1242,
706,706,
12,172,
539,513,
261,507,
618,55,
641,164,
98,280,
6,273,
494,218,
494,663,
538,131,
189,244,
449,86,
932,231,
939,192,
625,678,
285,415,
183,195,
238,97,
375,180,
48,171,
27,116,
254,248,
248,63,
133,292,
853,923,
591,525,
479,460,
36,23,
304,177,
651,305,
275,41,
757,290,
697,505,
58,423,
105,273,
792,0,
763,715,
233,182,
644,80,
532,1140,
587,586,
438,305,
486,120,
180,1329,
415,141,
502,129,
555,134,
249,134,
476,24,
853,272,
528,298,
568,116,
708,767,
242,507,
814,190,
23,96,
917,287,
712,748,
462,284,
59,591,
660,278,
458,1037,
416,264,
391,245,
542,82,
658,1265,
880,52,
280,336,
845,671,
706,764,
10,284,
435,445,
494,1089,
427,341,
861,656,
147,180,
767,126,
1,49,
188,29,
858,280,
129,178,
603,6,
404,737,
803,98,
878,180,
287,355,
360,652,
275,680,
748,364,
832,338,
144,54,
369,172,
94,264,
654,1174,
359,282,
147,226,
180,594,
727,115,
436,433,
415,198,
673,0,
97,515,
891,365,
42,557,
932,403,
232,195,
710,97,
248,401,
206,282,
915,245,
449,72,
296,113,
84,445,
278,258,
614,853,
124,924,
285,510,
0,119,
737,117,
453,529,
531,209,
434,574,
93,389,
434,254,
748,135,
591,123,
932,81,
373,456,
250,117,
870,1195,
82,1058,
424,171,
424,203,
64,354,
118,27,
748,167,
466,1010,
61,316,
386,70,
86,1186,
312,580,
750,601,
547,291,
542,1,
473,604,
647,663,
427,308,
304,684,
863,691,
384,481,
89,602,
233,319,
880,528,
71,8,
123,95,
117,178,
408,480,
638,267,
409,326,
89,176,
22,461,
536,492,
576,67,
890,469,
626,629,
757,601,
772,5,
304,185,
471,42,
418,298,
391,344,
118,877,
76,49,
531,296,
255,937,
485,1200,
100,117,
918,216,
181,469,
636,149,
879,554,
795,81,
747,236,
304,707,
312,629,
561,3,
576,14,
404,724,
736,499,
449,32,
616,665,
346,244,
789,362,
116,336,
781,1382,
898,30,
156,474,
806,509,
837,566,
492,749,
270,412,
670,777,
245,431,
663,494,
89,214,
290,21,
923,630,
80,267,
824,823,
863,132,
715,703,
919,308,
803,185,
596,686,
726,221,
914,345,
220,405,
747,317,
596,249,
532,525,
641,1052,
624,474,
891,24,
795,232,
302,499,
228,347,
177,8,
561,433,
926,157,
421,285,
458,594,
794,108,
10,559,
879,355,
468,654,
649,449,
392,331,
588,877,
231,649,
118,980,
732,249,
494,10,
324,142,
880,476,
140,119,
200,1172,
260,292,
449,270,
240,893,
114,277,
846,239,
333,1402,
0,269,
237,924,
436,243,
434,199,
535,269,
404,231,
449,171,
276,272,
446,298,
0,231,
436,682,
525,329,
207,737,
193,481,
120,49,
69,298,
252,964,
132,292,
524,24,
566,167,
760,6,
674,889,
544,417,
322,214,
57,188,
605,221,
143,234,
903,1150,
888,116,
253,499,
91,700,
932,21,
696,453,
620,274,
845,82,
621,175,
150,790,
550,209,
343,116,
708,154,
262,331,
757,432,
265,274,
397,193,
428,158,
796,298,
653,754,
755,381,
298,472,
933,66,
202,6,
377,467,
652,316,
214,207,
115,192,
404,362,
135,284,
436,86,
774,300,
302,1301,
708,737,
450,331,
524,711,
513,266,
415,732,
294,580,
560,408,
356,6,
566,645,
155,10,
861,97,
187,142,
140,924,
631,97,
331,126,
933,160,
762,110,
411,113,
183,630,
880,237,
400,1287,
681,363,
267,1411,
775,484,
531,1405,
29,6,
396,989,
226,1009,
936,299,
737,228,
922,173,
710,190,
879,300,
313,215,
795,53,
398,1540,
139,286,
248,244,
464,198,
289,690,
652,78,
121,706,
592,1012,
330,809,
51,316,
471,391,
648,273,
757,90,
296,115,
15,98,
850,26,
61,400,
8,296,
642,207,
94,176,
453,146,
560,537,
666,85,
474,313,
460,254,
293,305,
310,612,
675,888,
206,291,
566,131,
188,630,
311,482,
84,355,
415,1424,
768,1320,
726,400,
326,365,
518,286,
453,258,
434,94,
322,1010,
91,634,
795,63,
435,72,
112,322,
254,974,
4,364,
842,273,
311,612,
828,425,
477,31,
717,973,
245,807,
654,19,
616,567,
537,209,
804,769,
499,917,
398,7,
654,421,
386,41,
863,787,
290,399,
486,1,
331,348,
491,519,
853,285,
236,210,
408,1068,
388,491,
922,403,
180,1055,
676,1238,
15,562,
811,260,
706,1118,
114,99,
587,568,
813,557,
213,507,
797,942,
829,737,
763,226,
57,488,
532,512,
333,123,
293,928,
221,748,
372,939,
392,1219,
459,292,
679,202,
338,355,
885,183,
740,649,
879,544,
338,286,
565,171,
556,303,
715,116,
83,821,
387,296,
658,655,
173,237,
620,574,
57,1104,
174,132,
547,368,
839,283,
869,68,
404,40,
297,202,
534,477,
869,52,
353,169,
342,496,
814,586,
170,688,
213,126,
327,501,
788,248,
183,14,
838,122,
222,142,
86,251,
814,494,
215,544,
77,869,
205,1429,
520,390,
850,471,
496,1226,
880,512,
51,496,
757,190,
164,316,
923,180,
41,658,
236,27,
441,155,
268,816,
547,184,
62,24,
329,132,
319,176,
765,479,
741,280,
714,264,
292,740,
757,730,
902,253,
641,232,
893,931,
861,975,
329,236,
907,203,
424,0,
677,13,
625,322,
517,1038,
776,156,
664,494,
58,579,
312,623,
12,13,
268,41,
129,296,
750,576,
565,1435,
9,220,
876,551,
233,964,
89,283,
888,740,
503,665,
144,752,
473,1419,
475,1269,
455,1246,
319,95,
253,1026,
572,182,
296,0,
556,890,
889,135,
751,898,
223,721,
772,838,
830,265,
795,589,
57,19,
653,150,
353,527,
344,760,
73,329,
233,499,
287,526,
541,586,
664,658,
513,27,
302,151,
737,259,
657,191,
532,552,
212,150,
373,1092,
372,399,
532,506,
404,461,
889,213,
298,345,
305,754,
75,511,
123,614,
133,746,
174,49,
515,658,
403,688,
587,150,
641,364,
805,950,
591,318,
748,193,
86,153,
815,1023,
116,286,
780,257,
779,298,
626,653,
114,978,
300,142,
94,387,
404,142,
795,230,
392,146,
891,779,
600,473,
902,707,
289,0,
641,1134,
879,64,
553,862,
268,528,
119,922,
103,1224,
282,843,
917,152,
242,697,
669,1097,
341,963,
609,589,
275,3,
216,718,
902,86,
326,680,
915,829,
479,441,
787,226,
193,937,
71,403,
644,672,
567,523,
154,325,
804,0,
658,343,
710,547,
252,191,
496,166,
256,58,
478,653,
689,233,
850,237,
505,601,
753,291,
221,150,
14,124,
600,108,
684,335,
206,862,
415,1481,
711,233,
887,760,
454,126,
689,400,
930,1150,
478,204,
708,231,
327,229,
626,465,
591,241,
797,403,
837,99,
441,1,
346,458,
765,213,
333,114,
176,143,
449,111,
486,347,
393,49,
485,877,
672,313,
344,479,
176,332,
467,640,
861,566,
295,179,
565,459,
86,272,
10,167,
906,106,
245,40,
912,271,
138,1174,
6,681,
487,525,
559,196,
75,95,
163,687,
877,135,
619,421,
628,131,
720,653,
785,202,
537,152,
91,27,
362,1166,
171,476,
879,173,
416,71,
451,59,
637,49,
89,299,
766,493,
150,6,
81,1099,
428,161,
584,1345,
233,842,
61,146,
675,481,
792,926,
188,161,
378,657,
542,526,
436,57,
310,46,
436,142,
530,892,
82,258,
84,280,
91,550,
66,470,
762,24,
444,311,
268,1395,
405,184,
435,439,
243,215,
267,138,
398,97,
433,272,
523,240,
626,99,
681,1229,
540,524,
108,244,
622,481,
73,292,
125,298,
324,235,
825,189,
757,269,
648,49,
768,474,
619,94,
723,306,
536,571,
748,171,
345,470,
269,175,
804,190,
362,310,
789,134,
86,1,
697,433,
327,158,
415,282,
297,292,
302,263,
449,1150,
814,264,
321,487,
307,120,
380,316,
88,729,
266,16,
521,179,
144,221,
654,733,
924,321,
485,107,
706,369,
585,76,
202,249,
86,295,
582,511,
174,194,
479,182,
307,31,
216,26,
626,286,
137,97,
821,90,
626,429,
845,734,
182,354,
285,1228,
163,117,
273,626,
392,376,
681,238,
574,355,
591,589,
652,52,
818,301,
568,289,
118,153,
720,320,
53,325,
76,525,
278,386,
21,729,
596,263,
752,311,
473,258,
51,256,
269,354,
200,206,
310,939,
326,256,
471,1213,
647,203,
465,896,
278,389,
323,330,
822,142,
404,554,
660,227,
42,942,
423,287,
233,1444,
421,356,
726,938,
572,9,
453,402,
220,284,
249,941,
464,866,
388,953,
328,270,
444,760,
602,180,
255,1038,
127,203,
398,695,
622,690,
25,924,
660,203,
473,57,
845,193,
605,291,
525,180,
659,1481,
599,568,
313,781,
317,11,
928,143,
620,778,
59,130,
278,174,
637,173,
4,384,
654,1645,
499,160,
296,108,
568,544,
324,483,
550,403,
462,223,
398,377,
516,267,
59,613,
185,1081,
552,432,
560,153,
786,357,
221,197,
918,1150,
58,429,
541,397,
549,922,
762,701,
903,680,
441,173,
797,726,
290,1215,
91,179,
268,612,
123,116,
42,419,
795,746,
428,468,
581,49,
428,428,
206,128,
628,507,
543,326,
586,687,
62,506,
179,221,
746,20,
434,189,
145,309,
185,1014,
12,20,
789,108,
621,212,
434,633,
236,57,
419,751,
660,221,
824,288,
4,153,
895,1301,
775,704,
428,939,
85,877,
855,270,
879,900,
846,566,
820,469,
538,273,
394,630,
143,829,
725,292,
223,1056,
296,281,
477,76,
197,0,
920,470,
182,93,
415,1227,
144,201,
154,326,
782,748,
533,2,
343,124,
37,718,
424,305,
906,1165,
134,78,
387,321,
797,196,
388,834,
644,365,
531,1014,
803,286,
876,58,
839,167,
47,654,
41,783,
61,1071,
567,629,
353,154,
581,311,
649,116,
200,658,
58,173,
882,529,
715,954,
877,190,
932,708,
304,47,
710,414,
231,169,
640,283,
806,622,
405,940,
255,618,
853,1026,
726,683,
61,539,
12,127,
893,705,
404,359,
285,388,
497,52,
452,1015,
505,527,
869,316,
91,538,
870,907,
476,813,
565,509,
6,53,
890,474,
698,296,
423,274,
292,1096,
302,202,
494,1133,
652,754,
720,378,
632,315,
116,676,
96,192,
797,732,
373,203,
266,160,
524,247,
522,506,
457,276,
6,210,
422,1132,
424,581,
71,474,
61,214,
471,373,
505,423,
408,198,
51,94,
42,722,
792,2,
647,445,
918,30,
331,232,
706,934,
200,1006,
319,1208,
688,326,
757,318,
449,150,
302,840,
415,922,
918,730,
527,400,
362,733,
233,132,
560,655,
935,1366,
335,153,
697,221,
825,420,
295,23,
25,1009,
290,975,
893,278,
408,185,
62,286,
641,763,
415,1439,
0,50,
157,147,
737,383,
115,748,
328,6,
413,300,
803,195,
327,176,
746,580,
276,150,
614,198,
199,280,
319,50,
555,479,
502,210,
262,433,
923,1398,
822,27,
15,478,
357,1522,
21,646,
726,218,
177,694,
94,185,
160,196,
879,1494,
882,115,
287,885,
934,0,
89,487,
716,973,
406,117,
129,89,
487,258,
362,80,
404,646,
572,511,
496,393,
143,300,
638,951,
12,319,
295,948,
747,88,
351,128,
429,626,
315,284,
311,601,
298,1045,
48,121,
150,135,
144,875,
248,409,
726,991,
866,155,
772,88,
220,474,
415,352,
199,117,
4,61,
803,400,
41,504,
689,93,
692,76,
605,711,
497,338,
592,578,
785,14,
476,280,
396,355,
84,430,
58,17,
933,661,
27,434,
213,178,
137,491,
268,403,
247,6,
449,566,
259,324,
260,258,
770,172,
895,516,
344,706,
654,213,
428,818,
795,76,
289,242,
63,431,
449,669,
895,199,
869,365,
436,1260,
874,182,
623,344,
404,140,
673,292,
267,581,
728,270,
338,940,
636,406,
188,202,
457,181,
642,180,
319,356,
404,1547,
885,63,
773,447,
652,700,
144,292,
169,986,
440,340,
500,116,
256,580,
789,403,
605,126,
377,401,
797,825,
641,172,
298,1224,
300,178,
795,86,
49,323,
115,245,
116,183,
503,8,
86,26,
555,491,
386,171,
587,494,
449,98,
795,270,
304,60,
694,893,
449,78,
853,149,
487,69,
285,228,
893,343,
183,1146,
697,273,
238,1097,
394,737,
555,133,
457,594,
58,89,
157,237,
196,175,
35,881,
798,1061,
552,602,
535,401,
306,378,
853,123,
505,85,
416,245,
266,249,
863,163,
911,472,
505,180,
20,985,
279,843,
530,890,
256,322,
298,234,
252,703,
869,266,
485,872,
706,580,
588,893,
882,485,
452,256,
331,146,
101,766,
870,953,
806,421,
0,246,
483,718,
416,1537,
101,574,
618,566,
729,0,
275,794,
36,182,
605,470,
124,690,
310,493,
853,485,
806,379,
483,52,
307,521,
536,456,
603,556,
317,890,
689,394,
732,19,
668,251,
444,11,
505,537,
86,370,
926,408,
683,207,
861,735,
48,929,
404,514,
108,625,
550,614,
313,1163,
473,501,
150,32,
177,180,
331,143,
302,977,
816,286,
918,4,
42,401,
375,273,
665,337,
93,259,
278,1483,
415,542,
578,68,
278,1229,
200,1098,
404,660,
795,1215,
598,280,
121,954,
57,544,
459,281,
540,1407,
20,4,
372,384,
560,1037,
19,147,
623,453,
267,766,
307,122,
177,1099,
324,184,
243,203,
449,568,
180,474,
360,65,
266,155,
402,236,
291,131,
270,642,
830,315,
84,493,
906,244,
662,917,
888,131,
221,229,
108,543,
562,401,
803,673,
938,403,
134,742,
344,380,
654,714,
560,213,
523,65,
796,180,
880,97,
300,24,
878,1282,
3,259,
665,95,
345,740,
139,244,
381,754,
90,292,
772,49,
243,245,
670,683,
318,356,
12,623,
779,417,
136,117,
539,124,
109,1220,
356,273,
781,888,
348,1115,
400,110,
650,284,
101,670,
17,21,
797,1423,
51,461,
437,617,
81,1160,
0,207,
732,8,
37,524,
267,266,
498,237,
193,99,
58,421,
266,6,
386,729,
672,257,
884,623,
369,11,
255,242,
828,284,
345,949,
845,661,
116,178,
291,8,
461,269,
675,292,
197,55,
416,745,
83,315,
200,144,
877,483,
41,43,
550,185,
555,705,
520,131,
804,627,
421,446,
544,749,
335,736,
787,22,
416,286,
473,697,
11,87,
212,181,
437,1026,
544,646,
278,179,
902,473,
500,544,
893,18,
475,428,
397,64,
199,586,
322,473,
523,511,
471,229,
176,181,
721,821,
869,65,
681,218,
55,544,
234,460,
744,150,
17,181,
302,119,
629,274,
13,267,
935,1066,
61,237,
353,658,
874,55,
585,293,
19,207,
860,303,
147,711,
726,749,
649,173,
449,14,
806,1048,
867,564,
850,345,
765,22,
631,383,
360,203,
607,266,
845,737,
494,417,
416,580,
869,187,
61,552,
850,1021,
300,378,
617,964,
504,646,
933,792,
837,189,
491,99,
277,921,
736,21,
200,221,
25,289,
708,55,
933,0,
415,27,
408,963,
193,1105,
478,298,
206,1010,
870,1022,
737,87,
646,403,
659,426,
663,193,
649,369,
356,474,
889,171,
804,269,
714,134,
153,482,
405,636,
695,342,
579,298,
101,673,
804,1015,
254,217,
327,355,
794,766,
325,644,
10,221,
253,391,
388,778,
534,63,
221,171,
111,901,
523,185,
107,254,
265,270,
86,89,
449,732,
662,473,
662,893,
536,537,
397,479,
449,1145,
469,18,
377,271,
620,0,
101,528,
717,272,
827,735,
56,108,
58,86,
369,655,
640,303,
576,1269,
566,169,
905,281,
904,257,
114,429,
654,740,
289,482,
874,173,
344,586,
845,525,
233,464,
231,742,
261,843,
560,215,
157,821,
826,284,
193,659,
41,184,
634,116,
560,1151,
294,236,
493,244,
637,210,
6,497,
910,142,
226,239,
302,584,
245,473,
806,383,
895,78,
540,623,
51,655,
652,561,
200,894,
6,3,
268,121,
415,383,
501,336,
200,1167,
261,1218,
229,631,
681,589,
333,516,
180,330,
428,649,
835,266,
449,1219,
69,421,
386,355,
488,320,
801,329,
200,670,
801,442,
542,159,
22,653,
289,718,
726,439,
502,222,
296,232,
670,209,
189,361,
861,180,
764,221,
895,1421,
12,207,
720,49,
312,227,
377,290,
151,594,
157,795,
746,181,
901,477,
233,97,
307,482,
926,7,
881,210,
242,6,
692,296,
275,183,
879,123,
330,213,
503,384,
4,366,
788,150,
144,199,
292,443,
600,1538,
76,30,
307,191,
739,330,
361,681,
327,557,
172,241,
918,245,
454,332,
631,24,
654,1165,
757,149,
455,11,
103,823,
789,50,
910,482,
477,67,
295,467,
41,24,
549,248,
797,1047,
397,68,
427,747,
276,280,
757,97,
304,15,
116,239,
184,319,
43,142,
392,1061,
649,519,
396,173,
450,1020,
485,247,
209,171,
935,408,
371,676,
61,75,
522,661,
700,284,
115,247,
604,63,
641,607,
888,486,
422,618,
880,355,
603,183,
539,49,
345,97,
795,264,
12,186,
456,234,
863,970,
600,224,
234,461,
535,508,
662,97,
311,613,
105,87,
487,746,
689,72,
390,47,
347,311,
483,78,
199,124,
446,282,
523,445,
392,891,
517,99,
449,864,
414,184,
845,1002,
715,194,
475,231,
826,314,
2,263,
11,167,
343,1170,
93,645,
453,390,
319,1213,
404,215,
787,627,
560,601,
562,209,
55,548,
657,728,
232,507,
633,403,
326,299,
787,526,
481,257,
192,120,
176,266,
197,409,
90,566,
261,566,
311,168,
325,126,
137,55,
199,224,
830,1061,
614,177,
12,389,
675,1232,
24,476,
747,171,
443,326,
657,181,
327,653,
140,1242,
424,256,
178,319,
663,227,
346,172,
884,418,
795,314,
449,813,
804,677,
134,182,
901,305,
382,652,
103,331,
647,66,
84,662,
698,493,
353,241,
663,148,
665,480,
492,315,
654,737,
6,593,
279,582,
523,706,
715,414,
917,707,
266,208,
525,120,
712,343,
795,88,
384,849,
720,879,
335,152,
436,1005,
895,523,
532,110,
804,384,
763,150,
193,78,
278,28,
780,521,
574,78,
592,160,
711,109,
278,0,
422,324,
790,300,
99,896,
874,298,
98,746,
880,449,
822,174,
108,203,
543,329,
480,391,
659,623,
233,214,
98,257,
866,221,
404,525,
377,212,
481,256,
457,652,
789,847,
267,100,
300,104,
187,193,
814,162,
124,288,
662,41,
275,717,
737,509,
891,1076,
871,869,
242,730,
654,928,
556,527,
384,127,
144,922,
711,429,
700,313,
392,653,
449,176,
864,20,
292,231,
433,926,
23,10,
74,411,
649,132,
486,937,
428,760,
536,139,
496,186,
356,116,
31,311,
20,562,
194,264,
893,751,
348,368,
307,123,
702,1045,
376,292,
341,512,
799,24,
0,128,
41,238,
704,524,
725,116,
43,94,
266,595,
869,639,
505,209,
797,1280,
324,22,
659,566,
263,522,
362,46,
193,1089,
342,87,
285,798,
420,237,
863,168,
856,298,
761,236,
331,981,
310,233,
544,663,
492,81,
345,570,
446,180,
232,355,
464,298,
539,24,
10,7,
408,283,
488,297,
345,1186,
592,653,
754,321,
457,431,
416,215,
649,1116,
436,100,
510,259,
307,159,
930,251,
390,97,
485,126,
879,1042,
654,379,
61,27,
561,589,
503,415,
86,279,
310,384,
253,398,
144,408,
681,1077,
307,20,
514,345,
755,740,
847,433,
350,324,
486,49,
300,16,
504,564,
874,459,
681,350,
804,90,
795,151,
335,996,
663,173,
599,516,
275,427,
173,14,
915,1266,
576,94,
392,419,
109,1177,
6,631,
406,171,
6,521,
279,721,
404,502,
416,141,
716,257,
279,6,
650,115,
6,596,
859,710,
797,621,
98,181,
267,650,
343,11,
232,63,
881,471,
540,676,
625,877,
797,1467,
704,182,
726,95,
613,284,
473,612,
585,395,
684,267,
937,121,
415,167,
302,1509,
313,416,
415,1592,
551,147,
535,203,
453,605,
587,417,
346,55,
266,403,
14,251,
621,155,
631,158,
456,64,
623,6,
200,576,
416,391,
814,198,
503,721,
682,284,
802,309,
206,421,
407,345,
12,677,
21,409,
816,544,
576,167,
455,477,
221,753,
333,304,
600,385,
795,0,
534,379,
91,1040,
504,421,
829,150,
617,690,
6,617,
98,119,
199,476,
69,7,
65,280,
455,208,
666,480,
256,236,
607,92,
893,976,
116,173,
883,178,
591,1058,
649,88,
647,567,
898,354,
803,383,
93,473,
456,95,
359,300,
746,733,
652,182,
428,68,
732,241,
396,322,
307,185,
842,205,
757,271,
847,209,
696,305,
881,410,
398,195,
513,646,
416,448,
12,528,
304,198,
772,144,
806,210,
317,204,
94,31,
485,530,
702,924,
803,162,
88,14,
62,760,
42,284,
535,860,
664,367,
4,396,
942,236,
378,62,
649,203,
647,120,
89,165,
229,120,
5,136,
539,818,
307,175,
270,110,
304,171,
4,436,
171,460,
10,744,
718,219,
626,548,
711,730,
233,197,
526,651,
502,223,
540,94,
274,161,
206,507,
512,257,
432,136,
861,150,
879,759,
406,400,
607,64,
80,185,
267,282,
499,369,
183,206,
20,978,
12,737,
912,316,
726,259,
513,305,
746,29,
270,504,
360,779,
714,593,
287,433,
536,195,
293,221,
706,954,
304,134,
388,818,
129,463,
493,190,
20,200,
397,46,
436,495,
72,269,
192,345,
392,268,
233,987,
157,208,
20,324,
625,921,
157,216,
327,348,
199,746,
422,1236,
757,510,
200,394,
245,746,
254,330,
82,607,
647,412,
757,170,
804,415,
587,1238,
353,148,
48,394,
667,352,
200,301,
6,49,
159,1017,
392,93,
565,167,
333,217,
275,320,
408,1095,
620,807,
876,202,
307,517,
94,0,
441,279,
180,1126,
372,232,
535,227,
48,51,
566,495,
335,1052,
483,552,
250,1026,
481,319,
171,655,
168,173,
20,565,
58,589,
882,136,
221,50,
931,663,
654,131,
638,690,
715,107,
463,293,
68,1014,
434,384,
42,65,
845,1471,
270,354,
339,500,
869,460,
278,230,
714,82,
614,207,
14,329,
472,19,
345,656,
304,196,
560,378,
415,819,
560,1099,
454,1169,
932,86,
471,366,
273,110,
127,420,
714,110,
494,90,
494,201,
451,658,
206,589,
207,521,
12,796,
523,1063,
486,99,
654,507,
215,313,
907,215,
279,540,
748,593,
890,283,
243,147,
232,582,
300,331,
382,477,
756,90,
62,319,
488,306,
565,325,
42,315,
184,843,
428,430,
746,318,
527,212,
262,30,
386,1089,
206,754,
408,662,
310,697,
682,186,
823,244,
93,209,
395,470,
403,305,
433,219,
384,22,
198,987,
56,869,
118,824,
392,353,
428,417,
652,99,
392,390,
261,267,
53,928,
896,595,
388,46,
626,209,
15,94,
747,172,
307,293,
9,69,
220,929,
616,858,
720,355,
285,595,
345,16,
232,22,
585,117,
861,411,
233,707,
302,221,
560,460,
213,525,
254,269,
91,49,
428,467,
177,576,
451,68,
495,149,
42,85,
270,845,
120,196,
730,355,
714,175,
832,163,
458,321,
391,7,
854,473,
550,329,
312,491,
86,1047,
513,429,
279,1013,
377,586,
485,694,
681,550,
307,43,
679,316,
350,311,
449,1442,
853,222,
233,632,
81,8,
773,544,
279,429,
401,762,
293,345,
28,310,
594,746,
374,523,
435,423,
428,155,
91,671,
118,683,
882,548,
408,1018,
703,133,
509,879,
75,1157,
84,460,
685,207,
425,181,
294,189,
434,635,
404,655,
278,393,
915,316,
197,117,
396,332,
881,986,
570,494,
547,233,
341,94,
212,153,
853,221,
584,44,
550,382,
144,819,
344,884,
559,11,
298,480,
456,81,
867,183,
449,1028,
531,299,
177,78,
689,653,
398,92,
159,117,
473,526,
76,194,
591,1020,
478,478,
108,213,
115,940,
345,468,
494,200,
341,365,
41,228,
799,287,
42,247,
836,326,
98,172,
526,524,
627,936,
814,214,
439,244,
938,991,
300,280,
415,552,
275,338,
487,1023,
888,472,
696,122,
884,0,
6,588,
249,122,
187,633,
889,0,
63,682,
58,160,
464,113,
41,449,
211,85,
311,472,
397,27,
536,608,
531,1426,
850,1026,
261,1093,
177,227,
206,426,
283,331,
353,284,
391,292,
150,502,
249,258,
435,653,
304,155,
412,24,
347,471,
115,202,
194,467,
763,1219,
804,713,
726,354,
658,152,
473,746,
871,715,
405,10,
86,65,
55,1089,
194,1413,
850,1023,
331,560,
373,95,
861,104,
465,564,
781,991,
325,601,
147,97,
56,1057,
233,607,
406,44,
845,190,
885,431,
278,123,
312,63,
333,426,
496,27,
22,115,
313,1055,
404,667,
923,5,
850,338,
150,195,
806,28,
550,409,
754,536,
611,117,
313,37,
386,151,
591,58,
238,49,
523,21,
200,589,
397,157,
791,123,
30,300,
540,374,
494,419,
942,607,
715,599,
200,411,
451,416,
497,647,
592,4,
933,627,
180,1149,
9,709,
19,932,
847,81,
404,698,
773,410,
591,194,
86,433,
373,730,
404,413,
781,1664,
866,149,
180,239,
308,987,
187,324,
109,305,
47,494,
96,196,
565,107,
928,133,
221,63,
91,274,
304,423,
267,1247,
269,473,
221,77,
221,237,
471,28,
596,180,
338,580,
196,508,
43,193,
785,175,
90,527,
122,845,
249,243,
463,300,
789,401,
94,82,
853,68,
55,117,
681,474,
621,68,
213,248,
664,533,
942,116,
611,1061,
14,273,
587,221,
362,1033,
94,518,
891,177,
143,516,
592,282,
157,82,
320,190,
872,287,
503,368,
694,993,
797,1030,
373,125,
163,456,
449,551,
412,8,
376,680,
373,271,
853,170,
213,520,
203,319,
779,601,
839,173,
305,474,
693,175,
581,986,
787,289,
772,263,
194,108,
704,548,
226,123,
17,46,
94,62,
151,24,
235,194,
248,684,
654,217,
173,903,
806,1037,
178,1314,
36,683,
507,229,
402,150,
534,940,
284,149,
173,621,
406,445,
153,199,
358,293,
76,453,
346,14,
503,1442,
467,55,
475,341,
651,258,
129,862,
317,68,
141,893,
221,547,
143,341,
345,595,
465,355,
797,685,
550,601,
757,506,
468,160,
229,69,
621,93,
273,544,
159,950,
626,55,
379,707,
93,280,
895,1215,
839,564,
362,424,
61,919,
505,57,
575,813,
587,368,
212,105,
652,821,
384,661,
173,247,
7,682,
285,779,
477,6,
200,465,
404,939,
444,202,
797,1247,
797,378,
302,62,
653,658,
772,566,
415,779,
175,917,
103,270,
784,1048,
617,202,
53,311,
48,70,
896,470,
216,361,
43,425,
289,683,
654,425,
6,584,
425,525,
797,141,
155,659,
727,676,
824,24,
328,197,
928,88,
6,225,
372,162,
853,453,
636,594,
101,65,
373,552,
759,774,
180,1325,
693,425,
653,13,
25,456,
437,20,
770,201,
893,1151,
473,214,
57,1087,
616,852,
550,548,
179,78,
532,24,
885,707,
30,266,
42,299,
435,746,
233,1443,
214,481,
658,480,
936,513,
331,49,
245,93,
93,400,
108,182,
662,149,
536,659,
805,160,
681,41,
715,601,
853,464,
449,233,
301,321,
555,601,
726,90,
681,323,
697,88,
327,713,
124,257,
234,69,
353,46,
86,166,
387,305,
180,922,
267,140,
415,376,
713,116,
467,3,
183,8,
714,207,
914,298,
565,478,
441,67,
311,205,
0,33,
130,811,
229,274,
81,738,
710,279,
177,677,
750,98,
378,232,
669,14,
931,614,
497,536,
505,730,
465,306,
249,263,
329,152,
114,282,
270,236,
401,15,
845,450,
689,0,
714,562,
756,55,
311,487,
681,240,
61,120,
456,456,
495,623,
292,802,
115,804,
467,69,
292,49,
255,0,
194,371,
575,99,
282,237,
681,538,
10,432,
384,144,
503,182,
475,25,
621,1228,
210,68,
920,1315,
845,586,
209,730,
61,496,
25,298,
221,389,
453,834,
196,269,
278,200,
388,428,
424,839,
531,8,
789,784,
223,161,
585,926,
934,280,
757,999,
762,460,
497,650,
428,279,
434,121,
558,521,
708,175,
248,147,
297,132,
846,477,
331,124,
143,57,
713,282,
223,727,
319,32,
48,184,
616,1314,
405,477,
446,877,
893,461,
785,198,
670,847,
452,257,
568,49,
560,919,
173,694,
69,480,
83,589,
15,203,
912,150,
749,336,
874,134,
568,120,
502,186,
9,11,
654,728,
861,821,
37,422,
91,996,
398,174,
563,290,
797,154,
14,474,
455,545,
42,76,
270,203,
180,1341,
328,78,
324,114,
645,257,
342,275,
693,1267,
346,191,
221,691,
600,926,
595,311,
150,501,
485,683,
81,284,
827,1194,
704,469,
322,179,
416,378,
895,128,
302,416,
298,268,
289,525,
765,497,
842,528,
541,761,
312,124,
935,220,
895,49,
267,419,
177,214,
585,576,
832,120,
788,473,
434,683,
885,957,
641,171,
91,839,
535,190,
238,206,
286,893,
300,282,
805,221,
888,1140,
58,823,
449,413,
502,496,
491,211,
100,864,
659,6,
268,376,
642,31,
279,1464,
737,0,
193,447,
584,555,
769,128,
58,1113,
906,645,
337,661,
302,63,
398,172,
71,197,
21,221,
805,171,
160,1264,
71,219,
106,284,
675,180,
384,442,
797,278,
160,927,
414,179,
311,237,
209,113,
932,1186,
903,89,
459,742,
404,1107,
59,526,
473,483,
26,513,
451,605,
444,1599,
639,150,
164,126,
842,673,
536,169,
180,475,
682,313,
388,94,
659,256,
544,231,
84,51,
550,468,
286,91,
12,630,
471,311,
464,0,
536,892,
221,1087,
43,150,
729,746,
665,481,
57,168,
726,409,
499,273,
0,98,
496,65,
649,207,
423,257,
861,518,
425,523,
473,378,
90,748,
789,564,
751,880,
275,470,
22,627,
471,124,
253,163,
82,242,
641,57,
641,924,
756,156,
430,244,
233,419,
56,296,
404,1089,
404,1439,
762,284,
792,821,
63,80,
298,501,
460,303,
880,471,
607,459,
254,279,
275,287,
492,421,
797,81,
47,190,
787,478,
828,456,
893,211,
428,431,
200,200,
861,494,
435,1204,
20,617,
380,896,
915,1040,
860,82,
931,861,
276,120,
360,221,
681,1133,
157,1096,
298,1016,
356,23,
461,864,
759,65,
333,431,
398,671,
863,1,
804,657,
359,295,
1,256,
84,7,
606,526,
182,560,
302,248,
238,134,
416,323,
245,256,
111,284,
73,338,
867,401,
285,71,
729,296,
755,196,
392,569,
706,1111,
542,55,
404,1582,
335,203,
125,680,
756,227,
320,51,
117,99,
787,204,
847,502,
837,746,
406,55,
86,160,
327,721,
649,515,
900,227,
22,256,
55,792,
767,236,
849,152,
565,510,
497,181,
187,143,
485,146,
855,313,
585,231,
885,470,
814,521,
720,27,
361,310,
232,203,
117,322,
888,601,
304,1483,
291,10,
473,429,
436,663,
271,7,
758,982,
223,390,
448,116,
107,12,
398,815,
652,769,
426,301,
424,156,
822,183,
553,271,
691,324,
200,115,
794,410,
163,120,
471,414,
840,284,
91,62,
775,4,
379,27,
502,220,
626,91,
711,390,
620,180,
599,81,
457,284,
496,1044,
851,839,
725,830,
10,240,
839,882,
878,761,
197,957,
912,163,
832,383,
41,1038,
881,1050,
347,274,
853,520,
589,1012,
587,81,
434,282,
307,199,
404,729,
850,49,
41,832,
785,132,
665,289,
424,441,
314,24,
795,195,
392,1163,
911,203,
455,401,
918,291,
6,204,
637,203,
223,567,
891,149,
610,904,
664,221,
290,1014,
310,619,
512,264,
654,1061,
708,1057,
888,1063,
454,547,
415,236,
550,1301,
392,124,
62,746,
879,1021,
711,760,
344,24,
279,607,
478,200,
86,794,
449,1201,
641,594,
912,14,
654,1576,
710,1044,
756,68,
415,1145,
456,190,
542,87,
153,142,
473,683,
600,221,
692,257,
787,929,
726,206,
404,518,
208,764,
537,287,
832,465,
661,1340,
292,216,
180,266,
302,332,
475,957,
550,542,
870,1386,
301,356,
173,900,
555,63,
787,361,
187,210,
200,323,
935,862,
292,494,
521,490,
105,272,
504,242,
689,231,
270,600,
353,250,
720,214,
411,0,
27,208,
556,341,
608,146,
664,618,
329,445,
819,345,
673,864,
695,308,
271,97,
555,300,
215,355,
845,625,
867,194,
479,477,
361,877,
880,677,
471,550,
846,209,
202,0,
221,932,
814,648,
942,282,
324,179,
631,67,
758,279,
451,288,
550,179,
137,507,
278,488,
62,403,
899,869,
406,502,
467,409,
352,298,
550,298,
746,1177,
275,461,
624,703,
573,287,
109,362,
150,209,
539,257,
415,766,
560,45,
621,49,
499,124,
560,969,
654,1066,
797,157,
649,230,
338,187,
832,152,
624,943,
204,326,
893,24,
835,655,
213,97,
275,395,
59,228,
462,249,
891,416,
9,233,
631,1026,
556,165,
626,795,
197,761,
837,222,
862,319,
457,467,
229,133,
665,809,
747,209,
882,13,
747,221,
746,508,
196,676,
402,122,
591,338,
863,391,
344,64,
377,131,
434,57,
626,190,
88,811,
665,441,
473,466,
144,8,
95,6,
604,525,
333,19,
600,152,
535,448,
707,762,
756,430,
215,183,
453,509,
649,222,
642,68,
713,1014,
278,62,
12,398,
91,473,
587,813,
279,505,
773,175,
456,649,
64,776,
860,69,
433,273,
505,1217,
616,635,
824,984,
560,606,
404,218,
405,134,
773,383,
896,135,
275,239,
859,69,
456,371,
869,521,
845,504,
832,282,
405,203,
111,292,
408,433,
44,274,
353,703,
641,1309,
918,128,
903,792,
243,924,
326,272,
377,278,
386,1126,
536,19,
567,491,
524,14,
286,55,
451,88,
517,932,
869,202,
745,0,
344,1313,
772,108,
147,430,
617,505,
317,254,
596,224,
406,753,
23,237,
763,70,
254,857,
906,299,
235,96,
260,298,
42,256,
649,523,
654,1368,
122,21,
880,180,
628,257,
703,314,
931,29,
347,224,
179,365,
180,932,
933,809,
710,580,
843,49,
732,532,
523,126,
43,98,
72,99,
877,414,
523,76,
213,719,
526,49,
199,566,
456,454,
647,316,
166,566,
881,10,
696,337,
550,469,
76,355,
398,116,
158,1012,
9,59,
416,162,
772,286,
795,494,
565,155,
897,356,
706,639,
157,194,
584,1119,
888,238,
320,130,
715,85,
234,645,
197,744,
42,845,
511,182,
384,1008,
609,6,
885,1487,
103,328,
42,954,
342,256,
416,217,
221,226,
726,272,
285,214,
214,87,
536,956,
618,877,
845,646,
36,229,
536,973,
692,497,
941,1219,
114,176,
63,634,
468,135,
647,248,
485,5,
176,322,
424,21,
377,298,
404,1315,
870,748,
206,995,
0,204,
93,1197,
647,818,
863,627,
599,433,
686,266,
446,24,
378,699,
59,488,
654,128,
408,682,
803,1023,
453,325,
311,599,
918,320,
220,41,
701,877,
311,189,
454,0,
115,323,
696,322,
335,209,
579,248,
367,668,
886,139,
382,18,
477,614,
850,269,
12,94,
81,240,
343,209,
772,58,
654,96,
226,283,
614,300,
175,506,
404,98,
355,270,
641,425,
372,154,
345,1,
249,195,
9,580,
657,271,
449,519,
747,481,
824,368,
473,116,
292,1133,
398,541,
536,737,
372,601,
362,433,
933,1447,
451,283,
281,317,
889,141,
473,682,
814,733,
260,124,
73,6,
337,460,
386,82,
678,96,
287,649,
213,235,
404,1217,
869,423,
652,14,
191,126,
233,479,
238,149,
487,321,
912,459,
317,939,
825,175,
456,450,
513,175,
654,1060,
108,66,
405,96,
333,336,
448,471,
233,460,
503,150,
108,229,
238,9,
918,875,
193,627,
197,247,
427,348,
663,722,
379,662,
166,519,
654,1015,
416,157,
94,785,
192,713,
535,281,
565,120,
200,94,
707,928,
593,180,
869,468,
486,570,
781,1254,
274,182,
692,270,
0,41,
886,1077,
623,92,
773,583,
353,481,
854,44,
922,813,
453,566,
632,1130,
325,528,
212,506,
681,893,
379,751,
225,108,
829,397,
886,489,
626,282,
93,75,
850,263,
588,292,
25,6,
929,707,
926,298,
876,272,
671,513,
759,161,
300,182,
10,355,
89,528,
660,134,
252,677,
434,594,
71,123,
382,639,
101,348,
59,6,
649,652,
223,1439,
454,134,
724,99,
324,648,
285,656,
587,656,
915,400,
278,100,
287,213,
404,641,
565,957,
296,1071,
20,663,
173,201,
298,433,
707,149,
874,319,
587,576,
879,39,
223,106,
830,11,
880,594,
157,564,
290,972,
877,203,
880,932,
176,155,
466,266,
209,655,
574,292,
714,408,
2,344,
415,86,
653,589,
752,210,
457,630,
734,283,
97,193,
605,174,
473,1516,
85,268,
144,63,
497,515,
607,195,
36,839,
801,663,
248,744,
932,1015,
353,173,
167,403,
92,13,
157,743,
733,603,
322,477,
382,311,
896,49,
566,1020,
483,470,
356,1045,
803,645,
384,1127,
311,69,
84,604,
36,286,
496,1238,
101,384,
278,207,
435,158,
336,369,
654,185,
478,233,
268,272,
907,494,
270,51,
452,961,
476,273,
890,403,
2,298,
384,209,
373,158,
523,178,
710,418,
659,472,
489,223,
495,772,
631,481,
802,244,
454,506,
326,238,
765,195,
534,130,
68,245,
752,525,
216,21,
805,586,
455,174,
696,1243,
632,956,
693,834,
270,185,
449,77,
892,124,
63,210,
393,559,
915,72,
312,622,
915,59,
670,55,
377,402,
221,970,
270,589,
750,120,
304,526,
424,16,
789,66,
552,1192,
628,91,
604,99,
492,544,
641,1012,
564,1394,
188,177,
451,184,
429,122,
144,1277,
296,572,
47,182,
763,69,
753,8,
129,468,
266,194,
91,316,
355,320,
58,614,
845,787,
480,311,
859,514,
645,321,
457,208,
659,218,
296,477,
540,929,
312,1089,
536,431,
882,871,
37,215,
757,134,
36,831,
120,116,
804,957,
900,391,
394,171,
882,521,
660,7,
275,800,
619,593,
388,581,
605,957,
506,892,
456,142,
290,1015,
415,683,
63,239,
103,845,
853,356,
664,55,
224,135,
275,550,
144,564,
441,340,
609,215,
108,713,
638,177,
711,49,
388,208,
884,733,
698,927,
4,62,
252,1402,
647,89,
392,726,
346,291,
175,1010,
663,326,
933,120,
528,317,
221,101,
594,287,
4,419,
942,794,
839,504,
641,1177,
654,136,
0,210,
830,326,
310,192,
885,1265,
421,771,
182,429,
896,200,
758,120,
313,110,
444,742,
247,513,
410,7,
380,650,
312,177,
61,453,
158,110,
251,148,
659,16,
18,317,
50,180,
591,91,
58,214,
58,1045,
773,228,
330,651,
471,888,
624,730,
182,249,
326,847,
784,68,
870,196,
891,88,
31,6,
344,136,
278,1240,
327,71,
649,500,
748,230,
692,521,
404,583,
199,493,
915,823,
505,89,
682,1481,
623,24,
829,311,
416,201,
245,172,
416,26,
307,208,
129,97,
74,408,
782,269,
435,276,
745,95,
879,1132,
307,488,
200,208,
519,272,
534,184,
197,652,
240,348,
350,987,
94,81,
259,988,
269,266,
404,134,
540,37,
685,78,
882,223,
458,269,
600,57,
279,1045,
723,874,
247,403,
451,813,
698,453,
853,601,
312,1064,
0,257,
674,935,
402,126,
633,983,
606,527,
547,758,
12,65,
888,96,
415,623,
654,760,
319,290,
621,275,
652,518,
781,1010,
209,790,
548,251,
187,176,
90,733,
99,1233,
410,194,
457,845,
101,448,
569,338,
814,663,
10,660,
845,90,
436,708,
805,519,
455,132,
689,84,
779,185,
386,291,
256,13,
649,284,
665,651,
492,99,
6,195,
380,58,
81,193,
561,184,
443,270,
444,589,
535,494,
726,442,
444,542,
434,341,
794,1050,
84,708,
158,1023,
269,147,
641,390,
261,947,
507,68,
720,685,
805,551,
193,560,
805,116,
312,890,
181,177,
821,924,
451,151,
698,878,
536,491,
69,552,
59,207,
250,594,
356,236,
415,536,
439,322,
329,99,
568,760,
264,746,
522,196,
225,91,
654,721,
513,707,
720,1117,
384,345,
345,682,
6,669,
197,296,
737,180,
879,1179,
692,158,
395,838,
317,273,
55,298,
285,334,
7,173,
12,567,
520,266,
694,298,
249,1,
12,431,
271,519,
373,78,
200,123,
706,8,
69,744,
763,316,
84,203,
42,1033,
137,136,
654,1139,
877,167,
455,96,
845,511,
291,853,
239,244,
912,131,
666,1099,
579,595,
176,175,
150,326,
197,221,
303,273,
193,212,
220,845,
748,0,
58,117,
781,1609,
743,173,
68,1132,
602,99,
200,286,
345,167,
552,522,
374,175,
40,428,
416,152,
845,229,
547,469,
206,126,
850,1007,
307,446,
245,741,
853,92,
86,1185,
311,604,
590,660,
307,428,
879,1028,
910,505,
386,75,
748,494,
327,697,
518,349,
604,473,
404,27,
324,108,
268,739,
71,50,
461,270,
377,234,
868,1077,
136,595,
248,87,
634,325,
270,727,
4,451,
621,740,
144,274,
395,147,
502,284,
144,890,
25,314,
623,241,
412,326,
197,650,
84,1147,
457,63,
803,259,
345,218,
362,16,
175,150,
319,21,
720,678,
188,233,
267,976,
542,794,
13,11,
473,1170,
867,206,
814,221,
100,926,
57,316,
416,50,
186,203,
463,676,
206,1270,
906,95,
486,430,
932,66,
341,190,
283,266,
642,566,
822,426,
611,24,
138,300,
652,470,
22,215,
384,172,
473,209,
91,121,
665,508,
44,999,
765,605,
840,676,
789,1117,
245,171,
710,136,
731,320,
366,163,
298,331,
531,1134,
865,304,
641,383,
896,199,
869,53,
628,97,
388,600,
658,737,
26,296,
698,283,
880,445,
313,391,
638,729,
339,94,
793,885,
307,96,
217,11,
536,215,
129,447,
284,204,
880,1087,
233,633,
663,133,
150,559,
343,254,
98,239,
710,739,
55,321,
196,229,
425,488,
244,892,
238,286,
342,272,
164,286,
377,959,
888,295,
112,266,
290,8,
491,526,
415,1150,
339,210,
135,301,
917,629,
757,81,
797,1282,
523,521,
775,635,
723,302,
861,503,
226,403,
622,273,
312,746,
781,537,
735,252,
790,292,
737,126,
13,175,
836,1047,
441,40,
496,406,
882,502,
268,300,
270,169,
48,370,
804,473,
877,1039,
941,657,
302,389,
197,64,
891,475,
547,55,
910,528,
662,471,
291,655,
663,209,
935,116,
891,182,
486,397,
649,211,
691,248,
453,86,
9,68,
400,120,
243,163,
405,662,
485,1091,
575,49,
267,1077,
450,1023,
192,903,
746,604,
293,344,
232,116,
626,663,
274,120,
898,150,
488,259,
394,376,
345,133,
478,173,
275,418,
437,236,
538,57,
537,198,
183,355,
545,97,
379,181,
356,831,
755,421,
391,613,
245,23,
585,67,
863,63,
326,713,
392,3,
613,24,
436,13,
144,748,
536,108,
278,762,
535,179,
479,1386,
241,236,
42,121,
428,82,
404,560,
456,471,
180,1370,
295,221,
561,460,
893,311,
98,589,
653,113,
285,49,
536,24,
535,1,
647,756,
342,1192,
898,715,
177,203,
151,864,
642,155,
746,943,
492,70,
33,688,
617,122,
720,261,
915,8,
483,167,
768,683,
344,626,
906,684,
275,683,
649,821,
302,529,
455,322,
68,589,
18,201,
688,149,
614,986,
12,89,
895,564,
310,180,
757,1017,
935,267,
762,508,
43,194,
278,215,
300,682,
760,150,
923,316,
683,49,
814,469,
13,237,
270,256,
377,1035,
820,63,
63,0,
84,640,
659,90,
167,986,
907,589,
900,154,
350,893,
302,653,
307,73,
392,61,
685,423,
57,202,
335,89,
576,207,
641,39,
654,255,
505,747,
68,234,
62,285,
560,953,
704,192,
864,221,
55,30,
192,299,
915,559,
802,287,
538,196,
444,593,
795,331,
553,594,
157,120,
562,869,
38,350,
733,697,
61,1130,
327,171,
775,20,
329,203,
832,187,
90,133,
757,308,
654,964,
793,256,
902,180,
108,401,
489,950,
846,173,
765,98,
41,864,
183,174,
487,472,
416,445,
662,324,
415,1009,
819,331,
404,87,
832,1004,
292,419,
737,49,
939,690,
233,76,
541,744,
654,256,
419,688,
56,544,
880,432,
670,746,
454,595,
127,139,
399,292,
822,156,
858,24,
98,871,
310,202,
264,14,
659,454,
903,783,
68,196,
487,264,
313,201,
478,829,
290,425,
496,949,
278,131,
654,953,
550,176,
746,301,
404,26,
757,539,
302,12,
252,63,
444,173,
27,446,
915,580,
82,658,
726,171,
854,853,
12,551,
888,216,
524,298,
91,947,
342,129,
617,718,
534,206,
167,117,
393,378,
902,120,
386,21,
556,335,
269,567,
267,403,
342,655,
513,986,
668,63,
822,101,
20,102,
746,949,
275,187,
388,502,
649,508,
163,257,
773,434,
715,1014,
496,1075,
795,179,
212,142,
283,746,
591,453,
559,299,
592,355,
64,512,
384,197,
918,1134,
8,688,
129,719,
147,188,
726,183,
620,199,
506,1087,
58,70,
202,274,
345,286,
845,1064,
939,258,
391,248,
150,492,
591,337,
737,96,
302,268,
895,198,
206,247,
108,89,
364,313,
434,167,
775,673,
883,580,
275,150,
881,967,
436,115,
550,759,
391,286,
653,110,
408,888,
199,481,
404,1033,
505,260,
89,309,
636,49,
341,178,
200,549,
404,579,
755,1007,
287,257,
180,235,
708,163,
355,298,
713,1150,
845,660,
278,21,
216,371,
814,6,
291,47,
591,169,
817,300,
301,877,
803,38,
805,688,
377,1046,
403,308,
405,497,
535,487,
531,303,
879,569,
415,1049,
895,32,
287,215,
839,168,
143,65,
7,271,
372,355,
116,95,
353,531,
934,236,
827,749,
532,355,
412,298,
618,348,
726,607,
886,242,
118,314,
467,281,
43,199,
444,1012,
333,1039,
24,237,
765,214,
341,148,
415,31,
902,117,
720,878,
261,268,
436,285,
406,199,
780,171,
411,213,
302,282,
415,124,
853,1675,
547,903,
212,169,
584,636,
114,82,
293,239,
803,99,
449,683,
290,468,
881,1114,
435,819,
664,746,
312,513,
161,542,
496,448,
129,10,
900,203,
654,21,
502,638,
590,65,
15,355,
931,515,
180,285,
891,128,
590,391,
846,1398,
597,284,
173,658,
617,171,
527,55,
714,1045,
618,126,
167,676,
205,880,
535,70,
353,136,
94,853,
166,639,
416,80,
164,68,
487,730,
96,190,
772,238,
148,299,
562,292,
750,807,
200,1129,
804,714,
852,268,
140,754,
428,201,
415,286,
757,654,
424,446,
200,445,
111,344,
793,283,
275,16,
486,338,
536,338,
434,860,
39,344,
304,648,
748,10,
170,300,
797,190,
269,712,
662,1007,
312,1208,
434,411,
784,21,
757,140,
706,105,
448,223,
718,253,
342,300,
25,23,
891,227,
803,155,
701,227,
12,559,
278,1442,
242,706,
200,225,
143,192,
663,208,
144,893,
551,282,
620,171,
188,274,
787,227,
538,355,
847,214,
278,1035,
380,441,
206,326,
84,790,
275,707,
561,499,
177,790,
256,934,
150,192,
372,1004,
143,92,
652,710,
283,537,
877,425,
199,580,
408,605,
544,28,
420,174,
757,638,
177,171,
261,1012,
144,769,
306,429,
757,330,
386,209,
428,98,
489,453,
723,1589,
324,323,
449,793,
294,1113,
451,203,
406,1186,
893,136,
345,217,
822,80,
265,8,
332,314,
853,630,
633,406,
381,512,
48,234,
557,18,
853,287,
710,903,
457,629,
520,171,
36,825,
748,1087,
362,259,
654,175,
756,10,
243,649,
275,197,
275,100,
779,496,
24,227,
654,1221,
304,482,
381,1015,
300,383,
531,719,
593,518,
447,338,
654,314,
503,421,
882,87,
431,99,
536,21,
558,126,
804,829,
576,229,
870,298,
12,263,
792,626,
126,226,
838,49,
773,710,
553,273,
377,110,
723,748,
298,70,
681,682,
312,418,
930,291,
469,128,
143,171,
307,478,
893,507,
795,766,
437,474,
670,508,
278,1484,
888,84,
621,88,
723,298,
373,524,
863,24,
81,638,
889,634,
357,322,
218,566,
290,1176,
221,468,
101,325,
697,1018,
198,473,
478,248,
746,1026,
764,136,
499,41,
928,652,
820,355,
647,226,
43,184,
221,779,
668,194,
779,355,
757,508,
43,134,
473,313,
780,244,
346,180,
382,473,
654,764,
523,518,
701,286,
222,224,
90,425,
468,601,
270,184,
507,95,
215,248,
616,267,
907,27,
829,966,
504,172,
676,108,
653,403,
125,688,
162,355,
0,165,
71,225,
320,174,
626,315,
572,142,
494,505,
84,198,
446,217,
471,1093,
408,86,
81,117,
586,347,
785,221,
689,63,
746,82,
923,128,
498,913,
270,521,
845,834,
781,1242,
629,733,
253,677,
270,284,
229,213,
551,862,
654,710,
485,296,
373,69,
605,23,
278,500,
270,493,
491,126,
292,282,
795,186,
203,295,
808,297,
921,256,
206,808,
879,928,
665,172,
105,697,
341,1005,
794,209,
879,634,
338,345,
483,560,
863,113,
747,355,
804,7,
300,3,
707,862,
747,182,
118,929,
307,7,
781,295,
63,68,
129,1274,
353,86,
415,295,
879,367,
508,341,
74,146,
560,177,
683,761,
296,136,
693,22,
904,311,
526,315,
829,221,
449,257,
795,227,
455,0,
180,760,
412,271,
84,527,
789,190,
101,552,
412,301,
193,190,
616,1610,
617,90,
845,514,
664,525,
658,697,
197,180,
17,949,
531,929,
93,232,
449,518,
689,68,
456,173,
91,972,
787,508,
268,1038,
867,215,
757,153,
441,439,
537,78,
893,853,
335,167,
759,70,
404,178,
288,408,
21,509,
249,174,
913,110,
436,132,
773,57,
715,493,
769,122,
683,216,
388,606,
159,128,
238,645,
404,644,
881,391,
536,733,
926,761,
626,173,
252,653,
846,95,
166,1308,
820,403,
292,1215,
716,234,
888,182,
108,550,
89,285,
176,401,
609,604,
91,672,
845,606,
100,110,
746,98,
867,400,
542,702,
188,15,
626,26,
310,197,
151,869,
888,1265,
803,627,
771,896,
669,97,
906,269,
302,384,
636,1009,
24,631,
398,1205,
69,401,
895,167,
803,614,
153,706,
895,182,
781,1253,
906,119,
233,1459,
296,533,
61,1089,
641,67,
341,572,
372,229,
63,507,
42,281,
839,270,
486,63,
431,618,
300,152,
449,0,
504,72,
397,660,
473,1219,
730,1267,
0,136,
55,869,
803,421,
839,843,
266,225,
849,95,
390,289,
292,271,
662,923,
803,527,
416,1137,
285,1314,
398,576,
223,725,
204,873,
14,746,
177,167,
762,21,
70,5,
9,31,
343,953,
408,191,
520,228,
785,88,
114,175,
707,533,
63,185,
867,996,
673,313,
870,181,
248,595,
411,286,
278,513,
693,204,
0,100,
94,463,
504,53,
660,655,
394,180,
292,273,
150,564,
275,548,
468,580,
535,991,
310,620,
653,687,
451,7,
794,167,
683,247,
670,176,
278,93,
874,22,
134,259,
12,781,
442,174,
519,688,
478,649,
392,416,
404,1421,
404,1442,
370,429,
278,1486,
662,181,
621,831,
453,198,
444,270,
683,363,
261,54,
453,476,
356,302,
523,94,
882,65,
212,507,
552,376,
482,288,
248,41,
456,110,
346,162,
628,305,
354,322,
888,716,
240,292,
8,519,
656,325,
762,170,
767,308,
822,1265,
93,456,
915,117,
665,11,
672,325,
392,222,
942,120,
298,23,
129,1017,
471,552,
618,182,
524,683,
108,474,
298,295,
710,1072,
47,300,
293,353,
692,526,
684,287,
325,566,
862,689,
853,662,
258,171,
681,770,
824,1009,
146,300,
166,402,
353,738,
588,686,
492,877,
647,926,
693,1018,
379,210,
835,162,
893,1008,
772,653,
353,556,
874,477,
5,201,
29,180,
505,61,
424,182,
683,1281,
843,150,
918,715,
915,63,
498,11,
497,269,
550,228,
918,123,
633,272,
132,242,
129,372,
193,517,
203,334,
711,89,
173,98,
135,41,
520,229,
838,219,
377,174,
576,202,
623,121,
685,22,
344,234,
275,282,
745,120,
773,249,
93,601,
777,167,
270,527,
550,311,
653,96,
325,847,
534,482,
682,746,
869,653,
693,227,
282,730,
937,471,
355,310,
731,936,
814,143,
845,490,
647,1374,
751,313,
362,49,
566,487,
424,322,
586,268,
338,210,
579,120,
585,584,
564,212,
398,494,
320,152,
688,469,
542,768,
62,406,
781,874,
434,670,
226,284,
392,227,
386,194,
84,275,
335,3,
408,659,
750,90,
63,81,
616,144,
649,421,
402,221,
150,471,
33,322,
311,207,
151,96,
321,606,
455,272,
296,209,
6,627,
642,184,
220,401,
773,117,
762,390,
787,538,
362,938,
94,673,
847,292,
84,425,
446,403,
623,125,
58,98,
895,1469,
242,734,
245,1042,
633,24,
310,759,
93,542,
635,24,
641,1009,
386,1116,
422,14,
200,653,
774,257,
177,779,
177,403,
362,66,
861,181,
166,135,
829,0,
319,76,
428,745,
641,1207,
270,492,
405,451,
397,499,
57,192,
773,28,
616,654,
327,625,
885,185,
504,376,
233,522,
620,72,
699,97,
173,159,
880,1055,
262,57,
502,18,
310,441,
818,284,
773,524,
296,722,
494,421,
732,1115,
212,184,
816,403,
835,898,
333,94,
229,202,
588,322,
471,1117,
662,297,
762,380,
787,27,
135,513,
495,228,
414,529,
880,116,
905,284,
107,403,
17,49,
804,453,
939,298,
592,415,
127,658,
127,400,
510,870,
879,378,
292,626,
364,1046,
803,0,
896,242,
639,1052,
58,282,
747,143,
333,192,
199,361,
263,441,
341,653,
600,621,
157,189,
710,1219,
556,325,
750,416,
822,1105,
847,527,
427,270,
710,94,
557,99,
682,310,
463,703,
576,216,
445,336,
757,207,
885,159,
298,48,
706,948,
234,601,
71,116,
278,1033,
757,123,
663,412,
886,253,
346,1045,
333,120,
568,506,
208,896,
873,123,
471,761,
343,78,
787,140,
765,187,
565,143,
456,208,
425,612,
662,1015,
886,23,
345,564,
853,286,
372,205,
565,152,
93,187,
307,800,
90,97,
497,691,
200,38,
587,66,
547,657,
289,182,
386,842,
221,1051,
575,14,
91,1038,
737,924,
590,87,
602,21,
560,509,
91,929,
457,49,
131,283,
57,55,
644,504,
392,469,
345,518,
225,11,
760,49,
364,338,
112,125,
233,315,
263,787,
895,1117,
711,98,
290,733,
400,749,
660,179,
428,581,
803,61,
387,52,
6,585,
459,220,
449,82,
797,830,
636,506,
654,1552,
449,415,
360,155,
455,917,
797,823,
4,429,
96,22,
263,87,
904,280,
346,202,
785,279,
3,286,
836,18,
83,403,
592,121,
691,474,
373,222,
326,476,
863,66,
270,178,
887,236,
928,481,
50,477,
405,711,
709,233,
649,185,
639,344,
757,284,
404,734,
503,932,
360,97,
490,491,
467,208,
486,296,
614,636,
654,1626,
43,172,
888,1186,
786,286,
531,239,
183,510,
228,309,
118,740,
378,152,
895,160,
94,98,
294,85,
931,225,
559,24,
587,714,
278,382,
710,113,
319,890,
120,173,
804,150,
598,926,
839,730,
702,256,
410,201,
358,249,
231,177,
176,320,
485,303,
886,824,
233,661,
86,789,
485,92,
307,274,
854,178,
400,195,
834,22,
292,676,
620,552,
869,94,
497,8,
190,85,
720,321,
663,520,
870,881,
832,133,
317,24,
445,304,
599,61,
316,298,
69,396,
292,228,
937,126,
622,210,
177,864,
378,478,
814,499,
763,1150,
575,317,
492,804,
371,870,
199,356,
487,653,
129,1,
406,134,
896,233,
348,289,
329,430,
868,236,
253,463,
913,449,
229,482,
485,280,
762,86,
67,456,
275,1219,
503,610,
656,257,
297,602,
832,67,
749,1278,
192,37,
795,142,
827,692,
685,516,
222,906,
89,497,
505,214,
466,9,
17,477,
473,172,
388,703,
214,233,
327,185,
773,451,
312,407,
69,180,
311,488,
605,224,
907,123,
502,1192,
20,241,
89,271,
558,21,
659,183,
449,507,
449,1439,
261,760,
329,227,
327,1105,
585,199,
562,399,
499,1313,
561,142,
194,405,
591,875,
415,152,
197,88,
516,110,
425,644,
411,116,
541,55,
25,1011,
456,231,
891,468,
486,930,
649,1417,
309,738,
377,175,
220,286,
396,853,
552,180,
58,141,
855,268,
129,298,
9,131,
213,173,
921,61,
82,726,
379,706,
935,341,
882,692,
536,283,
879,157,
398,967,
12,820,
378,528,
275,158,
814,120,
397,602,
888,256,
91,410,
527,425,
641,311,
642,1010,
388,452,
143,282,
887,201,
710,93,
404,572,
12,547,
37,411,
938,678,
845,208,
616,444,
751,900,
267,181,
436,64,
101,152,
458,544,
523,55,
359,326,
750,943,
532,251,
728,681,
746,186,
278,657,
322,256,
886,671,
489,23,
811,331,
665,263,
415,178,
406,216,
891,378,
200,853,
587,67,
82,224,
398,1244,
547,345,
942,215,
457,473,
199,810,
84,511,
862,893,
584,273,
329,237,
885,557,
697,524,
125,300,
755,110,
725,353,
392,345,
107,136,
931,491,
724,1195,
882,67,
438,589,
815,340,
506,326,
44,740,
456,68,
499,71,
619,681,
552,523,
290,408,
506,343,
510,885,
842,594,
183,803,
101,783,
408,629,
863,557,
89,612,
748,396,
531,683,
906,481,
278,1068,
449,365,
221,57,
564,164,
233,495,
449,11,
58,547,
585,466,
342,461,
129,1278,
906,142,
231,0,
882,657,
89,629,
770,475,
503,184,
70,355,
384,662,
560,669,
180,244,
466,1009,
698,14,
140,742,
706,728,
270,181,
268,245,
325,185,
804,410,
839,441,
757,1032,
416,0,
646,586,
341,1071,
932,557,
616,556,
398,14,
304,484,
863,640,
583,39,
748,85,
53,147,
338,1238,
773,104,
84,415,
446,149,
517,761,
52,24,
319,41,
697,172,
94,232,
558,195,
531,449,
441,203,
547,325,
377,805,
197,69,
842,625,
48,944,
419,601,
874,130,
898,256,
222,319,
424,1594,
74,302,
386,210,
820,471,
297,212,
213,267,
268,215,
866,215,
606,173,
478,280,
843,55,
205,300,
197,566,
652,472,
56,454,
473,599,
298,400,
861,140,
762,82,
750,214,
464,279,
206,658,
362,656,
560,185,
600,117,
757,655,
109,187,
14,147,
550,625,
915,236,
89,607,
332,65,
606,273,
93,71,
122,509,
404,25,
49,14,
526,168,
520,155,
789,239,
279,75,
61,446,
896,195,
69,427,
733,722,
124,433,
576,54,
636,148,
400,636,
342,322,
451,170,
206,1329,
71,528,
523,202,
933,192,
714,627,
576,11,
416,1088,
428,462,
453,690,
10,738,
757,829,
253,494,
404,1288,
344,295,
607,315,
68,49,
917,380,
313,670,
342,401,
223,660,
785,180,
279,544,
902,286,
825,67,
378,620,
194,1414,
335,957,
0,258,
188,3,
436,1265,
467,191,
457,733,
696,323,
592,215,
879,1208,
315,505,
129,256,
669,244,
369,509,
626,584,
488,946,
649,483,
434,193,
885,177,
637,97,
127,189,
193,131,
255,1206,
326,474,
428,502,
28,267,
404,1537,
537,212,
331,746,
542,178,
805,156,
657,1099,
834,126,
73,300,
871,843,
270,78,
663,158,
485,304,
63,379,
331,116,
536,203,
43,6,
90,63,
183,478,
621,45,
193,788,
206,264,
845,58,
746,426,
513,316,
158,14,
399,286,
346,266,
321,589,
750,488,
654,853,
17,511,
434,399,
471,79,
196,686,
919,326,
503,4,
811,879,
544,324,
681,568,
650,330,
404,1467,
458,862,
939,649,
176,209,
9,705,
392,16,
709,418,
499,551,
900,14,
151,160,
502,430,
632,1044,
660,298,
144,1039,
795,482,
540,256,
22,1003,
829,401,
279,320,
483,623,
688,594,
183,70,
694,303,
220,693,
893,935,
850,910,
99,687,
895,244,
567,421,
168,703,
345,203,
407,268,
122,480,
794,117,
906,1046,
199,90,
327,706,
633,323,
14,936,
69,0,
795,7,
452,183,
594,1262,
452,469,
628,879,
923,8,
626,401,
837,730,
46,319,
365,851,
748,187,
454,123,
295,285,
781,327,
505,447,
233,1062,
319,1009,
170,338,
200,57,
760,424,
290,770,
5,433,
457,742,
122,502,
473,517,
176,325,
658,449,
756,3,
372,124,
435,95,
765,192,
846,1084,
343,419,
300,96,
700,687,
884,1028,
331,449,
621,182,
737,421,
150,131,
118,249,
869,193,
291,126,
876,269,
87,896,
910,449,
470,418,
291,193,
386,653,
626,78,
449,601,
180,1279,
415,314,
523,722,
278,1488,
485,739,
118,614,
379,1037,
111,301,
273,298,
377,1061,
200,64,
874,170,
373,1045,
536,221,
404,751,
24,740,
837,1113,
843,180,
473,937,
176,216,
298,55,
317,354,
321,88,
641,233,
390,22,
17,150,
841,872,
894,12,
559,273,
263,203,
618,186,
832,263,
668,300,
804,92,
206,222,
295,190,
803,668,
899,476,
132,314,
665,634,
99,903,
76,198,
183,234,
292,519,
255,730,
214,228,
659,432,
238,44,
870,545,
95,90,
536,948,
620,540,
441,778,
47,678,
591,94,
665,640,
342,210,
482,478,
199,558,
114,264,
881,690,
879,373,
11,160,
605,745,
140,740,
17,27,
312,99,
670,61,
654,742,
536,493,
80,474,
12,588,
523,300,
302,366,
757,378,
660,117,
473,467,
377,324,
597,348,
363,292,
285,991,
523,835,
48,1067,
84,173,
213,55,
623,293,
532,20,
267,182,
933,195,
81,454,
282,201,
150,682,
497,477,
716,1009,
771,1023,
617,98,
841,257,
682,247,
455,1099,
644,480,
367,411,
142,680,
207,69,
536,873,
89,44,
52,257,
42,1055,
415,237,
180,715,
457,428,
328,649,
696,341,
69,196,
68,280,
482,448,
180,936,
47,184,
269,529,
703,486,
895,397,
193,227,
654,194,
225,235,
185,94,
253,132,
600,90,
675,991,
21,552,
369,221,
295,266,
75,383,
839,208,
64,214,
447,898,
391,58,
687,896,
710,733,
698,317,
496,623,
306,311,
16,506,
392,481,
863,108,
526,529,
531,313,
714,248,
789,706,
373,972,
454,51,
93,179,
791,595,
279,53,
613,408,
267,99,
369,921,
304,425,
327,186,
12,838,
843,183,
6,332,
80,542,
76,521,
404,1259,
59,496,
634,0,
174,70,
746,428,
27,222,
289,430,
333,441,
57,352,
706,1249,
197,190,
101,298,
129,351,
474,267,
503,64,
278,396,
494,449,
932,93,
614,301,
880,1215,
905,9,
829,478,
12,887,
268,823,
292,847,
380,722,
547,271,
888,1137,
69,87,
325,614,
816,271,
225,511,
942,203,
128,904,
559,245,
500,367,
371,6,
621,97,
620,121,
609,749,
304,431,
397,78,
720,1294,
88,196,
652,226,
803,509,
845,217,
292,25,
664,70,
644,202,
22,210,
449,525,
101,311,
63,338,
266,188,
352,344,
473,706,
61,473,
843,324,
394,341,
0,28,
405,442,
9,161,
869,222,
286,299,
918,1099,
68,221,
890,740,
902,682,
880,1131,
15,408,
554,248,
223,331,
43,478,
71,790,
311,1201,
458,987,
757,482,
398,753,
515,900,
624,196,
147,49,
660,49,
935,1313,
292,257,
215,152,
286,474,
434,172,
921,194,
649,735,
275,70,
760,456,
176,185,
185,76,
423,686,
746,24,
204,292,
888,76,
128,300,
61,431,
807,870,
598,1355,
880,1478,
745,7,
456,662,
177,1010,
810,899,
398,221,
28,97,
559,1158,
188,790,
689,512,
893,112,
234,273,
756,341,
467,30,
279,671,
761,255,
200,1009,
869,284,
343,309,
827,510,
876,284,
483,50,
416,426,
473,1007,
532,227,
732,1224,
331,626,
715,727,
69,192,
194,131,
266,1071,
404,386,
850,593,
59,227,
386,182,
536,1418,
57,63,
313,71,
233,130,
773,96,
863,586,
143,519,
12,824,
749,286,
392,86,
540,171,
664,284,
637,470,
304,941,
45,331,
702,14,
109,682,
21,513,
507,566,
290,116,
660,237,
286,107,
647,441,
503,1039,
296,173,
247,185,
214,270,
509,685,
29,1005,
265,244,
466,92,
797,943,
942,1026,
576,68,
183,649,
471,778,
592,844,
377,68,
531,401,
531,104,
871,110,
494,573,
772,382,
109,871,
842,400,
346,203,
795,117,
131,662,
539,219,
869,110,
649,140,
302,827,
863,135,
449,840,
88,1117,
786,345,
541,345,
302,1090,
161,221,
17,459,
392,65,
300,122,
327,429,
881,202,
621,296,
324,521,
618,298,
434,218,
931,1395,
15,319,
5,133,
215,173,
306,88,
67,473,
341,132,
307,72,
225,13,
101,300,
132,259,
275,708,
275,83,
720,242,
234,518,
147,55,
353,87,
531,352,
483,203,
396,356,
2,320,
353,511,
1,288,
789,737,
620,403,
889,513,
233,1008,
452,400,
654,870,
503,68,
424,748,
724,284,
244,1045,
429,298,
405,606,
428,1207,
99,313,
292,172,
298,1066,
792,286,
436,564,
938,221,
278,185,
914,286,
311,587,
499,637,
536,426,
12,808,
269,870,
101,446,
471,209,
730,1037,
177,232,
550,942,
833,760,
249,982,
404,378,
441,216,
378,329,
91,232,
737,127,
773,384,
110,331,
446,1026,
14,242,
845,953,
29,173,
24,566,
302,235,
336,126,
605,94,
463,292,
372,485,
763,190,
499,163,
654,933,
